id,domain,status,purchase_price,renewal_price,attractiveness,demand,length,registrar,created_at,expires_at,status_verified_at
ef21a4bf-c825-40e5-97c7-ae29425c4e07,telecast.hamburg,available,69.98,73.98,high,low,8,namecheap,,,03/10/2026 02:31
2a13778c-fedd-4523-a421-1a5ff4a721c9,blunt.hamburg,available,69.98,73.98,high,low,5,namecheap,,,22/09/2026 23:15
28436902-19be-4ab0-a462-752169ce8977,backbench.hamburg,available,69.98,73.98,medium,low,9,namecheap,,,21/09/2026 15:00
c903f942-2c28-49a8-9b06-055d129a2225,sperm.hamburg,available,69.98,73.98,high,low,5,namecheap,,,30/09/2026 11:38
bb9a9cd5-16b7-4ab7-abdc-5ede7f29ccb2,cheap.hamburg,available,69.98,73.98,high,low,5,namecheap,,,23/09/2026 11:03
b9c6ba53-348d-44f5-8a58-a7b65b00e286,monmouthshire.hamburg,available,69.98,73.98,medium,low,13,namecheap,,,02/10/2026 19:21
7a335ac6-78aa-4257-bb77-ea120d046e0c,ambition.hamburg,available,69.98,73.98,high,low,8,namecheap,,,18/09/2026 16:53
74c6851f-d8f8-401e-9aa3-345f2caf1261,danes.hamburg,available,69.98,73.98,high,low,5,namecheap,,,30/09/2026 14:16
c33aff6e-1f53-41a6-ab67-14217586dd00,role.hamburg,available,69.98,73.98,high,low,4,namecheap,,,25/09/2026 09:54
26266bb8-3cb0-439f-b79b-01c3c4db0736,blossoms.hamburg,available,69.98,73.98,medium,low,8,namecheap,,,01/10/2026 16:35
71fab547-e0df-41c3-913f-719554636a34,exiting.hamburg,available,69.98,73.98,high,low,7,namecheap,,,01/10/2026 05:02
aedced68-beb6-43de-9732-83b370e584e4,unadjusted.hamburg,available,69.98,73.98,medium,low,10,namecheap,,,11/09/2026 23:52
85feda65-c631-4f2d-8439-ed26419ba35e,regard.hamburg,available,69.98,73.98,high,low,6,namecheap,,,08/09/2026 11:00
88ee1eff-84c0-4406-a9ba-1c9836fac12f,serial.hamburg,available,59.99,59.99,high,low,6,name.com,,,21/08/2026 23:54
1364f237-0343-47c9-b0e6-80831d03b73b,separated.hamburg,available,69.98,73.98,medium,low,9,namecheap,,,19/09/2026 04:08
70bc9995-8e54-4c66-85cb-852ebaa532e5,exercised.hamburg,available,69.98,73.98,high,low,9,namecheap,,,30/09/2026 11:52
9bc29c6c-6bfe-4a20-9cd8-aa69c415c466,manifestation.hamburg,available,69.98,73.98,high,low,13,namecheap,,,29/09/2026 22:53
d13ec79d-7ced-4ba3-8057-f06252d14286,laparoscopic.hamburg,available,69.98,73.98,medium,low,12,namecheap,,,02/10/2026 22:19
3b8dbe7e-44f4-4921-9003-5723ab16c2ed,stumble.hamburg,available,69.98,73.98,high,low,7,namecheap,,,30/09/2026 10:30
bb91545c-e120-4c53-acf3-0cb4d83754f2,spatter.hamburg,available,69.98,73.98,medium,low,7,namecheap,,,15/09/2026 20:19
a67d6fc2-b571-4278-b0be-d23b13d005de,feeding.hamburg,available,69.98,73.98,high,low,7,namecheap,,,25/09/2026 22:30
f9ca2b88-cc40-4f9b-8d53-946a05390855,lun.hamburg,available,69.98,73.98,medium,low,3,namecheap,,,01/10/2026 23:06
fd2b2450-0a81-4f93-bbb6-a40650c16512,affidavit.hamburg,available,69.98,73.98,medium,low,9,namecheap,,,28/09/2026 19:16
a52ba7a9-530e-4baa-8083-f4cab8074bda,cutely.hamburg,available,69.98,73.98,medium,low,6,namecheap,,,14/09/2026 09:59
1860e6cd-5877-4d6f-838e-b6623c6dd0e5,cook.hamburg,available,69.98,73.98,high,low,4,namecheap,,,27/09/2026 10:07
23efd76e-79ed-48ff-86f5-00d718243d52,toto.hamburg,available,69.98,73.98,high,high,4,namecheap,,,30/09/2026 12:43
b0e406c9-e84f-46d7-928f-299e27b868b8,stilwell.hamburg,available,69.98,73.98,medium,low,8,namecheap,,,01/10/2026 20:11
5f587aa1-b4fb-4f78-9d40-8521ec6c2210,hpv.hamburg,available,69.98,73.98,high,low,3,namecheap,,,30/09/2026 23:05
fedbdb8a-08ca-4e93-84c4-17063c669a3f,wronged.hamburg,available,69.98,73.98,low,low,7,namecheap,,,02/10/2026 22:02
f19fbe4d-cc02-44a9-8d41-59c78a155f99,commentary.hamburg,available,69.98,73.98,medium,low,10,namecheap,,,29/09/2026 06:24
a8e16bb4-f904-49cc-a634-9932d1f73cd4,layered.hamburg,available,59.99,59.99,high,low,7,name.com,,,22/08/2026 21:32
6a2a0a24-f1a6-4c3a-bf5d-2a82ed28539f,technol.hamburg,available,69.98,73.98,medium,low,7,namecheap,,,30/09/2026 06:44
98b7986b-52bd-4e70-b413-bf35b398290a,distinctions.hamburg,available,69.98,73.98,medium,low,12,namecheap,,,20/09/2026 03:54
96d6359a-f7bf-4720-b961-f338ce7e24b1,friction.hamburg,available,69.98,73.98,high,low,8,namecheap,,,29/09/2026 01:01
edb581d7-83a2-42f2-86eb-7c3e453f9a05,enzyme.hamburg,available,69.98,73.98,high,low,6,namecheap,,,29/09/2026 12:12
839375ee-c8b2-4c02-b98c-b6ddc68632b0,pathogenic.hamburg,available,59.99,59.99,medium,low,10,name.com,,,22/08/2026 04:17
750e707e-5614-4f55-bfe6-20da37c9b13d,clxxv.hamburg,available,59.99,59.99,medium,low,5,name.com,,,
c86468fb-a53a-4c00-b474-1156ef4ee885,wroth.hamburg,available,69.98,73.98,medium,low,5,namecheap,,,13/09/2026 13:38
8ded7aac-2c11-4c8a-9b5c-9df6568cda82,inmost.hamburg,available,59.99,59.99,medium,low,6,name.com,,,22/08/2026 05:51
4cc20d09-9727-4e7f-af1b-2e0120feb6b2,interns.hamburg,available,69.98,73.98,high,low,7,namecheap,,,02/10/2026 03:28
eddc9eac-b617-48c4-b276-afeab22606fd,egyptian.hamburg,available,59.99,59.99,high,low,8,name.com,,,15/08/2026 19:52
b2010785-ae05-4776-84c2-cfab76cf0f68,screenshots.hamburg,available,69.98,73.98,medium,low,11,namecheap,,,20/09/2026 11:10
a1189344-fd96-45db-96e0-7b63329e8cc5,blurred.hamburg,available,69.98,73.98,medium,low,7,namecheap,,,22/09/2026 23:21
a7a91124-d25c-4866-8db2-397e3b5c3fc1,workmen.hamburg,available,69.98,73.98,medium,low,7,namecheap,,,02/10/2026 12:33
76355289-c9f9-4d8f-8a52-b8a1f01b7d7f,downgrade.hamburg,available,69.98,73.98,medium,low,9,namecheap,,,24/09/2026 23:39
3f4a8a6f-fa72-4e33-a2a5-c9d5c87bdc38,effectual.hamburg,available,59.99,59.99,high,low,9,name.com,,,15/08/2026 14:20
3b66380f-3f30-49f4-98c6-50c71f7e3fa9,agassiz.hamburg,available,69.98,73.98,medium,low,7,namecheap,,,17/09/2026 16:23
06e7b0cd-4713-46e2-98c7-8314715893f4,temporary.hamburg,available,69.98,73.98,high,low,9,namecheap,,,25/09/2026 07:53
0f15f0fa-9949-4f09-8651-195cd1178f1f,fascinate.hamburg,available,69.98,73.98,high,low,9,namecheap,,,29/09/2026 08:16
7513fa1b-6288-4169-a93d-4a1c926fd024,unneeded.hamburg,available,69.98,73.98,medium,low,8,namecheap,,,12/09/2026 15:52
d957353d-91a2-4ced-97f6-9dce31e17fc0,simplex.hamburg,available,69.98,73.98,high,medium,7,namecheap,,,10/09/2026 08:15
9623082d-c010-4461-8ab5-8b6e99d865bb,oath.hamburg,available,69.98,73.98,high,low,4,namecheap,,,27/09/2026 12:47
8f89a90a-7274-4898-9b15-da6cceea43cc,celluloid.hamburg,available,59.99,59.99,high,low,9,name.com,,,11/08/2026 23:34
a54a61a3-7637-41e4-a510-95658f6b54f2,ones.hamburg,available,69.98,73.98,high,low,4,namecheap,,,01/10/2026 02:13
88821812-c863-450b-901e-b68fc6eac860,supplied.hamburg,available,69.98,73.98,medium,low,8,namecheap,,,03/10/2026 00:54
e4a99d55-a042-45d0-a8bc-c81010708d5b,counting.hamburg,available,59.99,59.99,high,low,8,name.com,,,25/09/2026 04:26
c02734a2-b1cd-4d4a-b229-8d08a31be192,overture.hamburg,available,69.98,73.98,high,low,8,namecheap,,,30/09/2026 18:16
ec11f72a-5ab0-4f3b-be04-754dff690d70,coordinate.hamburg,available,69.98,73.98,medium,low,10,namecheap,,,30/09/2026 06:06
84954ab7-0eb5-4390-966f-27153d74d3e6,insinuate.hamburg,available,59.99,59.99,medium,low,9,name.com,,,22/08/2026 08:35
539253f5-415d-4c9a-90ca-56a3c8a49439,damascene.hamburg,available,59.99,59.99,medium,low,9,name.com,,,13/08/2026 16:07
d2ee0d53-3a75-47f6-8ff0-30080b8e4a4e,maleficent.hamburg,available,59.99,59.99,medium,low,10,name.com,,,24/08/2026 13:58
7a5d79a5-75b0-453e-9d74-67b58033fd76,columnar.hamburg,available,59.99,59.99,medium,low,8,name.com,,,12/08/2026 18:14
4e5ad92f-b2b4-470b-b82d-4924b7c1777d,disuse.hamburg,available,69.98,73.98,medium,low,6,namecheap,,,24/09/2026 23:14
fab23209-8143-4115-8d7c-5a1076f5a00e,flew.hamburg,available,69.98,73.98,high,low,4,namecheap,,,30/09/2026 22:39
7473796e-728b-48cb-a3c2-b6f06c044a74,angled.hamburg,available,59.99,59.99,medium,low,6,name.com,,,
118301e1-8371-4d60-b8d0-3fe58624c85c,gilmer.hamburg,available,69.98,73.98,medium,low,6,namecheap,,,01/10/2026 19:15
c17f12df-d27b-4d08-9ca8-faeea4450b6a,conniption.hamburg,available,59.99,59.99,medium,low,10,name.com,,,18/08/2026 05:43
be6fa43a-60a5-4268-8166-04c1aef6a12e,proceedings.hamburg,available,69.98,73.98,high,low,11,namecheap,,,28/09/2026 12:34
f1afba26-d09f-4740-a99b-8ea8b4c293f1,between.hamburg,available,69.98,73.98,high,low,7,namecheap,,,28/09/2026 11:25
75f6127e-978f-4f04-a5d2-ed5016833558,moonstruck.hamburg,available,59.99,59.99,medium,low,10,name.com,,,24/08/2026 11:18
546e8e76-f392-4b9a-accb-a9c357414ffe,turkestan.hamburg,available,69.98,73.98,medium,low,9,namecheap,,,30/09/2026 03:05
0a28e81c-dc1c-4d0f-941e-7335660243c1,nicolson.hamburg,available,69.98,73.98,medium,low,8,namecheap,,,01/10/2026 02:25
6dc2adbb-a250-41a4-b242-0d1f73a98348,unoccupied.hamburg,available,69.98,73.98,medium,low,10,namecheap,,,12/09/2026 16:09
018d18e4-3356-4cb3-b185-e64522769448,ruhr.hamburg,available,69.98,73.98,medium,low,4,namecheap,,,29/09/2026 02:04
92fcc37f-6c8e-4556-8f98-7304483bc210,teetotal.hamburg,available,69.98,73.98,medium,low,8,namecheap,,,11/09/2026 10:14
1e633118-8a2e-4876-99e5-13e8a8acb3f3,locarno.hamburg,available,69.98,73.98,high,low,7,namecheap,,,02/10/2026 09:59
82274490-256c-42de-a367-6e276b919814,populace.hamburg,available,69.98,73.98,high,low,8,namecheap,,,09/09/2026 05:22
254612db-6610-4ffd-8c8e-15a75dc7bd1a,paralysis.hamburg,available,69.98,73.98,high,low,9,namecheap,,,29/09/2026 13:39
833ee170-e64e-4898-becf-5dbcdd49de66,acanthus.hamburg,available,69.98,73.98,medium,low,8,namecheap,,,16/09/2026 21:02
701ee8f2-af95-4ce4-a992-a64c6ff95dd1,tidy.hamburg,available,59.99,59.99,high,low,4,name.com,,,20/08/2026 16:42
924265bb-cad0-461f-a59c-f9f26676d09d,consciousness.hamburg,available,69.98,73.98,high,low,13,namecheap,,,28/09/2026 08:13
fed52daf-cc43-458a-9762-fee451188efe,oysters.hamburg,available,69.98,73.98,medium,low,7,namecheap,,,20/09/2026 03:31
33f76d00-b93f-4345-9c9d-8caed6b4d1c7,blessedly.hamburg,available,69.98,73.98,medium,low,9,namecheap,,,14/09/2026 00:19
77f1bef3-3f39-4bcd-b959-c7f3e132675e,diana.hamburg,available,69.98,73.98,high,low,5,namecheap,,,25/09/2026 22:22
11608383-bb04-43d3-9c35-927482a39c01,analyzable.hamburg,available,59.99,59.99,medium,low,10,name.com,,,
979b3053-38b0-4094-bb60-91c525d81e0b,bug.hamburg,available,69.98,73.98,high,low,3,namecheap,,,29/09/2026 00:24
3f6e7948-ee49-45b6-8454-473ba3e73c21,fishy.hamburg,available,59.99,59.99,high,low,5,name.com,,,18/08/2026 05:32
4ccd7aaa-88db-4d91-a3ce-b7412296a7bf,aloe.hamburg,available,69.98,73.98,high,low,4,namecheap,,,18/09/2026 12:59
f8767ea8-2a76-4f60-a90f-37d999175427,stemless.hamburg,available,59.99,59.99,medium,low,8,name.com,,,
3bc6e502-f3d2-4e5c-9b4d-8b2117ffc366,samar.hamburg,available,69.98,73.98,medium,low,5,namecheap,,,01/10/2026 08:32
ceab7595-daac-4862-a038-258272bac7c1,uncover.hamburg,available,69.98,73.98,high,low,7,namecheap,,,30/09/2026 16:42
d84c47d4-449a-4f02-b9d9-5a601f010bc2,symmetric.hamburg,available,69.98,73.98,high,low,9,namecheap,,,11/09/2026 06:03
40f623ba-3e26-4a67-9643-5d0689096397,diskette.hamburg,available,59.99,59.99,high,low,8,name.com,,,18/08/2026 08:53
2b0da895-a75a-48ce-bb5e-b33c396696a7,afa.hamburg,available,69.98,73.98,high,low,3,namecheap,,,01/10/2026 07:24
d0db138f-c077-44ea-ad18-9867e36fba50,alliaceous.hamburg,available,59.99,59.99,medium,low,10,name.com,,,
b5930229-3534-4be6-9b60-e3c173b5515e,bromic.hamburg,available,59.99,59.99,medium,low,6,name.com,,,11/08/2026 05:32
9d8c97ee-8399-4066-9660-59c961daea23,scholarships.hamburg,available,69.98,73.98,high,low,12,namecheap,,,30/09/2026 07:48
7492a7fa-e89a-4e8a-8e7f-92ae18337633,madly.hamburg,available,69.98,73.98,medium,low,5,namecheap,,,14/09/2026 09:19
b24dcfbe-2510-471b-bd82-920f66e9091b,swim.hamburg,available,69.98,73.98,high,low,4,namecheap,,,28/09/2026 02:10
986991df-89a7-4635-b4ad-09b8d2ca4b8f,rationale.hamburg,available,69.98,73.98,high,low,9,namecheap,,,02/10/2026 16:29
738fc72d-3b3e-4fe4-8028-20b977b6ae0c,geographic.hamburg,available,59.99,59.99,high,low,10,name.com,,,18/08/2026 22:27
6e9b75e1-0545-499f-a8e6-bffbcfadec38,counts.hamburg,available,69.98,73.98,high,low,6,namecheap,,,18/09/2026 18:14
dbd27ded-f44f-4f14-8ed7-5fd157ab39cb,overview.hamburg,available,69.98,73.98,high,low,8,namecheap,,,30/09/2026 02:27
6df5c815-ffb5-48d5-a79a-81b04aa445cf,frost.hamburg,available,59.99,59.99,high,low,5,name.com,,,21/08/2026 10:05
c8cbd99f-d49d-4b9c-a60f-20d17db1a611,respond.hamburg,available,69.98,73.98,high,low,7,namecheap,,,28/09/2026 21:35
ee4ad997-219a-442a-95d6-c56f9609ec89,opportunity.hamburg,available,69.98,73.98,high,low,11,namecheap,,,27/09/2026 02:17
4b3eefbb-4d34-4932-a7d7-f6c485985d01,ismaili.hamburg,available,59.99,59.99,high,low,7,name.com,,,22/08/2026 10:53
c3df378c-9b09-4de1-93d8-a51f877c08e9,corresponding.hamburg,available,69.98,73.98,medium,low,13,namecheap,,,01/10/2026 19:34
6a3c731b-966d-4c0e-b612-b5f424e58285,drifter.hamburg,available,69.98,73.98,medium,low,7,namecheap,,,13/09/2026 00:50
97baf8b7-4150-4f67-9fd1-c7954cfb9c97,barbra.hamburg,available,69.98,73.98,medium,low,6,namecheap,,,02/10/2026 09:24
9cd82cfa-b2c8-402d-b1ee-d9a5d1a4dd9b,bareback.hamburg,available,59.99,59.99,medium,low,8,name.com,,,08/08/2026 18:38
fe33569e-2955-4523-8274-5ded6bcd4ea9,parameter.hamburg,available,69.98,73.98,high,low,9,namecheap,,,02/10/2026 16:19
92240f40-e1ca-430d-8e77-d8182572ca2e,gangsters.hamburg,available,69.98,73.98,low,low,9,namecheap,,,01/10/2026 18:01
52deb373-ffd0-41a6-85ae-2328e98ed77b,overcomes.hamburg,available,69.98,73.98,medium,low,9,namecheap,,,21/09/2026 04:26
2240e197-0988-4e45-b350-a8cc8504bcdc,backboard.hamburg,available,69.98,73.98,high,low,9,namecheap,,,21/09/2026 15:09
b211ad7a-0764-4925-a112-74812201e5df,jerry.hamburg,available,69.98,73.98,high,low,5,namecheap,,,29/09/2026 00:12
89367beb-5bc0-4ef1-9a50-b888ca5996a9,cfr.hamburg,available,69.98,73.98,medium,low,3,namecheap,,,28/09/2026 11:55
593ca9cb-7153-4a8d-8fad-d75aeb591ed0,shoddy.hamburg,available,59.99,59.99,medium,low,6,name.com,,,12/08/2026 03:27
a5a5ef11-f512-4f3e-ac1b-1d90171fc076,longfellow.hamburg,available,69.98,73.98,medium,low,10,namecheap,,,29/09/2026 01:16
55a69e52-34b2-4858-80ac-e34de4ce5d6b,raped.hamburg,available,59.99,59.99,medium,low,5,name.com,,,14/08/2026 04:27
a50d14dc-7b02-4639-a8ff-948983bbeab5,bathe.hamburg,available,69.98,73.98,high,low,5,namecheap,,,29/09/2026 01:32
d9737671-6835-40e2-a783-967b30c0c543,sponsored.hamburg,available,69.98,73.98,medium,low,9,namecheap,,,29/09/2026 10:41
e417c11e-6d53-45cc-a545-bbc63c18e30b,syringe.hamburg,available,69.98,73.98,high,low,7,namecheap,,,30/09/2026 11:09
be2676ca-3fd7-4e1e-a6b3-d581c3516e20,belladonna.hamburg,available,69.98,73.98,medium,low,10,namecheap,,,21/09/2026 00:55
8abc8116-ce2f-4219-85fc-8bfa579169fb,abelian.hamburg,available,69.98,73.98,high,low,7,namecheap,,,29/09/2026 08:39
380d9fe1-bb40-4bac-97c3-a8d9a28b4cdc,parametric.hamburg,available,69.98,73.98,high,low,10,namecheap,,,08/09/2026 01:01
7aa91785-5285-4c39-aec7-c45de24f081d,unprompted.hamburg,available,59.99,59.99,medium,low,10,name.com,,,21/08/2026 23:28
1f9a35e1-30b6-441e-9345-6e63b6aaee6b,knows.hamburg,available,69.98,73.98,medium,low,5,namecheap,,,01/10/2026 18:35
176c3c3f-ee49-4aa3-a789-2f4f3698c199,includes.hamburg,available,69.98,73.98,medium,low,8,namecheap,,,28/09/2026 08:22
b4675c8e-eda4-4295-81c2-68970bcf6f1d,texted.hamburg,available,69.98,73.98,medium,low,6,namecheap,,,20/09/2026 17:16
3354469b-dd53-42f0-8abe-6f13d2deeb88,eid.hamburg,available,69.98,73.98,high,low,3,namecheap,,,01/10/2026 02:59
fb099603-e431-48b0-a5d2-8672d1e9b385,fruit.hamburg,available,69.98,73.98,high,low,5,namecheap,,,29/09/2026 20:03
e64da719-0ffa-4101-9fd0-6b44a00337ba,maps.hamburg,available,59.99,59.99,high,low,4,name.com,,,
7e8639f1-8e05-48c8-ba07-3c53bea473c9,ignoring.hamburg,available,69.98,73.98,medium,low,8,namecheap,,,28/09/2026 11:32
2ccb620f-f752-49e3-acfc-d0e5e0d50fbc,transplant.hamburg,available,69.98,73.98,high,low,10,namecheap,,,28/09/2026 02:03
eb534058-f00f-4481-999a-51b1ee0629ed,alecto.hamburg,available,69.98,73.98,medium,low,6,namecheap,,,18/09/2026 04:50
59e1ce0d-c619-4062-9430-a801c0e102d0,allometry.hamburg,available,69.98,73.98,medium,low,9,namecheap,,,18/09/2026 11:57
53c54810-9037-49aa-87b1-49b55be1e598,replaces.hamburg,available,69.98,73.98,medium,low,8,namecheap,,,20/09/2026 05:35
b991d9ab-adc6-4ec6-a90b-9fd0433500e1,unshaded.hamburg,available,69.98,73.98,medium,low,8,namecheap,,,12/09/2026 19:27
de047fec-399f-482f-bd1f-2a64ab39837b,ventilation.hamburg,available,69.98,73.98,medium,low,11,namecheap,,,29/09/2026 04:52
54931c48-f3c8-4991-9d7b-167ffdaf1c70,retinal.hamburg,available,59.99,59.99,high,low,7,name.com,,,09/09/2026 15:37
d25c0686-bb4b-4660-a9d4-fea8e9406e22,deep.hamburg,available,69.98,73.98,high,medium,4,namecheap,,,21/09/2026 15:15
f5f05300-0127-4798-ad40-934f1cf3ce8c,peritoneal.hamburg,available,69.98,73.98,medium,low,10,namecheap,,,08/09/2026 17:25
775a669f-457d-49c7-b8a8-47a833a92983,parenteral.hamburg,available,69.98,73.98,medium,low,10,namecheap,,,08/09/2026 01:19
a579bcd1-6c3b-494b-83f9-f5d31ef54e88,silty.hamburg,available,69.98,73.98,high,medium,5,namecheap,,,10/09/2026 08:10
b709aafb-faa0-44a9-9175-31a9c9093ad5,dextrous.hamburg,available,59.99,59.99,high,low,8,name.com,,,13/08/2026 23:53
111cef62-5bce-4966-9d09-4248b81e1ff2,watertight.hamburg,available,59.99,59.99,high,low,10,name.com,,,11/08/2026 08:34
17d8c7c3-852c-4f2d-b363-5c980cededef,resisted.hamburg,available,69.98,73.98,medium,low,8,namecheap,,,29/09/2026 16:36
f5af5fa5-51dc-42f5-8221-d3763e56bb87,garbanzo.hamburg,available,69.98,73.98,medium,low,8,namecheap,,,24/09/2026 14:31
b5cf1c4d-e310-452f-933a-bce6279782da,noguchi.hamburg,available,69.98,73.98,medium,low,7,namecheap,,,02/10/2026 15:42
ad364757-21ac-429a-88d4-baa8011edf91,talleyrand.hamburg,available,69.98,73.98,high,low,10,namecheap,,,02/10/2026 23:57
f2eff00b-26f0-42e7-a4aa-17606a2c7dfa,fun.hamburg,resell,,,high,medium,3,,20/04/2016 14:44,20/04/2027 14:44,01/10/2026 19:08
9b289c7e-a9aa-4c5b-a8c6-a67a3cc68a94,concentration.hamburg,available,59.99,59.99,high,low,13,name.com,,,27/09/2026 21:44
a04ff9bd-5eca-42c4-900d-9b8d5c552d5e,pensions.hamburg,available,69.98,73.98,medium,low,8,namecheap,,,02/10/2026 02:45
decd8109-4cea-41ac-9980-dfbbc1b762cc,melanesia.hamburg,available,69.98,73.98,high,low,9,namecheap,,,03/10/2026 01:35
9d2ef3a9-27ba-4d61-88eb-8600a6b4e8b8,flowery.hamburg,available,59.99,59.99,high,low,7,name.com,,,18/08/2026 09:09
65811e4a-e5b5-457f-a0fa-6dd599b49872,offers.hamburg,available,69.98,73.98,high,low,6,namecheap,,,27/09/2026 23:51
705d1472-592f-448a-86dd-091f587b1ea7,honeycomb.hamburg,available,69.98,73.98,high,low,9,namecheap,,,02/10/2026 05:20
981173ed-bcae-4eb2-9336-f4d70f5e02bf,erse.hamburg,available,59.99,59.99,medium,low,4,name.com,,,18/08/2026 19:28
d7cc33cf-36eb-48d5-b9fc-e980d4ac3092,oxidized.hamburg,available,69.98,73.98,medium,low,8,namecheap,,,04/09/2026 22:25
8af4097b-8e3e-48fd-aced-40e2631d0786,negotiations.hamburg,available,69.98,73.98,medium,low,12,namecheap,,,17/09/2026 08:01
43fc7748-bb25-45ce-ad4a-a9bb72e7545d,unafraid.hamburg,available,69.98,73.98,high,low,8,namecheap,,,10/09/2026 01:28
541f8e36-5208-4179-bf03-39a24b0b928e,defamation.hamburg,available,69.98,73.98,high,low,10,namecheap,,,02/10/2026 14:32
6e4554ac-af5d-4dd5-8315-605f865e9e08,controller.hamburg,available,69.98,73.98,high,low,10,namecheap,,,28/09/2026 06:44
db2ea9c8-ba76-420a-8c04-f22c71d51465,regular.hamburg,available,69.98,73.98,high,low,7,namecheap,,,27/09/2026 11:38
b0881a85-5660-4afb-81cb-d3674234d69e,exploits.hamburg,available,69.98,73.98,medium,low,8,namecheap,,,30/09/2026 15:37
6b7a5cd3-c361-44d0-b775-32c2a5b280b6,tyler.hamburg,available,69.98,73.98,high,medium,5,namecheap,,,25/09/2026 08:02
3235fc36-b796-4944-9f0b-e195e1cb605e,tobey.hamburg,available,69.98,73.98,medium,low,5,namecheap,,,02/10/2026 16:03
5cf78c75-87a2-4893-920f-4b67d54cfdac,nominees.hamburg,available,69.98,73.98,medium,low,8,namecheap,,,30/09/2026 16:22
1e189fd1-30aa-43a0-ab15-86a0375db0db,illusion.hamburg,available,69.98,73.98,high,low,8,namecheap,,,24/09/2026 16:35
4b41b864-cf12-4763-b8ee-296b21c3f89c,phylliform.hamburg,available,69.98,73.98,high,medium,10,namecheap,,,08/09/2026 19:24
904d03eb-cbff-4a66-a952-28599ac3b74d,cancerous.hamburg,available,59.99,59.99,medium,low,9,name.com,,,11/08/2026 16:33
7b4f68a6-9e04-41ff-98aa-74bff653cf5a,protesters.hamburg,available,69.98,73.98,low,low,10,namecheap,,,02/10/2026 03:18
15a6a83c-76d6-48ad-97e8-7f2e1a0ac2f8,usaf.hamburg,available,69.98,73.98,high,low,4,namecheap,,,25/09/2026 10:56
9938ad66-8fa1-4ce2-9179-7ace1ae424be,intimidate.hamburg,available,69.98,73.98,high,low,10,namecheap,,,29/09/2026 20:44
af196c7c-6ecd-4676-bdc2-430f0ad006bf,lingually.hamburg,available,69.98,73.98,medium,low,9,namecheap,,,15/09/2026 12:28
898065f5-9a7c-449c-b21f-356d0ec0d55d,warlord.hamburg,available,69.98,73.98,medium,low,7,namecheap,,,03/10/2026 02:21
5d0422f2-361a-4497-9ba9-469f5f45a490,doolittle.hamburg,available,69.98,73.98,medium,low,9,namecheap,,,29/09/2026 00:40
ca1ceda7-6bfd-4236-ab73-5d204fdf386d,concludes.hamburg,available,69.98,73.98,medium,low,9,namecheap,,,29/09/2026 05:51
5f7f8184-ef8a-4e75-9ebd-5a51dbfa1bbd,sling.hamburg,available,69.98,73.98,high,low,5,namecheap,,,29/09/2026 18:16
9e008c84-fec1-4f90-b239-bda6b0ff9ef3,oran.hamburg,available,69.98,73.98,high,low,4,namecheap,,,29/09/2026 07:47
840210ae-1889-458f-b027-18fabd469146,esquire.hamburg,available,69.98,73.98,high,medium,7,namecheap,,,01/10/2026 19:30
5cd2e503-ab54-427b-9915-65b05f7d693d,twins.hamburg,available,69.98,73.98,high,medium,5,namecheap,,,25/09/2026 06:26
8386e6e1-60bf-42da-89cc-0d74ec240707,adnate.hamburg,available,59.99,59.99,medium,low,6,name.com,,,
dc574553-12a1-419c-879c-7003c06d4c69,rios.hamburg,available,69.98,73.98,high,low,4,namecheap,,,30/09/2026 04:44
d203a3ce-f3b1-446b-a5a8-e42fdddd6bf5,amateur.hamburg,available,69.98,73.98,high,low,7,namecheap,,,01/10/2026 20:01
de85d867-e236-4535-930b-41ad7cf94a76,evacuation.hamburg,available,69.98,73.98,medium,low,10,namecheap,,,28/09/2026 09:36
cd053027-87f4-4ae7-89ef-54e463cdbbe2,compliments.hamburg,available,69.98,73.98,high,low,11,namecheap,,,29/09/2026 17:00
b1bb82d4-3395-47f9-86c0-426670dec0d4,sable.hamburg,available,59.99,59.99,high,low,5,name.com,,,14/08/2026 23:11
e44034bb-40c4-40da-873a-8c214d9a5d39,overactive.hamburg,available,59.99,59.99,medium,low,10,name.com,,,21/08/2026 16:42
0029ddd6-e019-4ccc-b426-410a1681811f,majestic.hamburg,available,69.98,73.98,high,low,8,namecheap,,,25/09/2026 16:12
7ea898d6-70fc-4da9-ad53-fbfed99a5eac,dore.hamburg,available,69.98,73.98,medium,low,4,namecheap,,,01/10/2026 10:12
44e0bc94-e3dd-4a75-aeb7-9081bfd3a609,uncordial.hamburg,available,69.98,73.98,medium,low,9,namecheap,,,12/09/2026 06:13
c932dbd4-cb5d-45ac-992a-5593a776bc2e,airfield.hamburg,available,69.98,73.98,high,low,8,namecheap,,,17/09/2026 23:09
b112eea1-b391-44bd-bb37-4b5487adeec3,kerr.hamburg,available,69.98,73.98,high,low,4,namecheap,,,25/09/2026 19:26
aad9a27e-6970-4a64-9000-0ba817914c3f,upon.hamburg,available,69.98,73.98,medium,low,4,namecheap,,,01/10/2026 01:32
ec25c4fc-ebc6-4c34-a80e-cd6e51d2c064,carrara.hamburg,available,69.98,73.98,medium,low,7,namecheap,,,02/10/2026 11:43
872c4b45-61a1-4837-b09f-f6a7bed9cfc5,finely.hamburg,available,69.98,73.98,high,low,6,namecheap,,,14/09/2026 11:23
1a21a47d-e014-462b-b1f8-189ecbe3345a,delinquency.hamburg,available,69.98,73.98,medium,low,11,namecheap,,,02/10/2026 22:11
74e86024-8f7d-43f4-9552-7e53cc9b540b,mohamed.hamburg,available,69.98,73.98,high,low,7,namecheap,,,28/09/2026 04:07
38a6af6a-878f-48e0-994c-fd99ac361d4e,unassigned.hamburg,available,69.98,73.98,medium,low,10,namecheap,,,12/09/2026 01:12
bde9a203-b1ab-476f-978d-89d7340966a8,acarine.hamburg,available,69.98,73.98,medium,low,7,namecheap,,,16/09/2026 21:33
19fe14e9-77f0-4c20-94be-be14eaca4ff4,lois.hamburg,available,69.98,73.98,medium,low,4,namecheap,,,25/09/2026 15:30
e2a1c6c3-f1e8-4a4d-bedb-f7eafb9189a0,nearly.hamburg,available,69.98,73.98,high,low,6,namecheap,,,28/09/2026 11:55
f7114dcc-3de1-4f64-b9dc-e158963dfe50,flavourful.hamburg,available,59.99,59.99,medium,low,10,name.com,,,18/08/2026 07:06
a0eaffe4-3890-49a3-85a5-368f164a6a87,nicaraguan.hamburg,available,69.98,73.98,high,low,10,namecheap,,,03/09/2026 17:03
35f00260-0001-44fd-8a1e-518c34a21324,trotsky.hamburg,available,69.98,73.98,medium,low,7,namecheap,,,28/09/2026 19:41
c5ae4d15-5fff-475b-aa8f-5430a8d09d02,lawsuit.hamburg,available,69.98,73.98,high,low,7,namecheap,,,28/09/2026 05:25
571b2d50-7379-4944-bc1f-6d6f767a0ab5,savoury.hamburg,available,59.99,59.99,high,low,7,name.com,,,25/08/2026 08:52
6e396ada-cf93-425b-9910-d4b173b46e3b,lon.hamburg,available,69.98,73.98,medium,low,3,namecheap,,,28/09/2026 11:31
af42745b-f0c4-4a7a-997f-72a651499d26,haul.hamburg,available,69.98,73.98,high,low,4,namecheap,,,27/09/2026 12:17
87a6f0e7-e795-4b45-b74e-9159e5e7d3e2,abstruse.hamburg,available,59.99,59.99,medium,low,8,name.com,,,
b9131f3a-3dd5-4825-874a-cc8daed6c2a8,cashable.hamburg,available,59.99,59.99,medium,low,8,name.com,,,11/08/2026 20:12
d5c87e4d-7359-4cfa-b757-63758f4ce2ab,botanical.hamburg,available,59.99,59.99,high,low,9,name.com,,,10/08/2026 20:47
cb061726-add1-46b1-afdc-6d7ab43dafa7,acne.hamburg,available,69.98,73.98,medium,low,4,namecheap,,,28/09/2026 17:51
80e04a62-3c50-4f4e-843d-323616da0bff,expensive.hamburg,available,59.99,59.99,high,low,9,name.com,,,17/08/2026 18:10
3674f8d7-4a55-412e-ac68-a382ad40b3eb,starry.hamburg,available,59.99,59.99,high,low,6,name.com,,,10/09/2026 18:58
9b66371e-ba8c-4734-a76c-c122264a8dae,sanity.hamburg,available,69.98,73.98,high,low,6,namecheap,,,29/09/2026 13:55
3554dc9b-9d3e-4377-ab4a-3d6a6bc26d35,indefinitely.hamburg,available,69.98,73.98,medium,low,12,namecheap,,,28/09/2026 22:50
f5e040ff-dd0b-480a-b618-7f7b33c52927,newer.hamburg,available,69.98,73.98,medium,low,5,namecheap,,,18/09/2026 15:53
780819ad-655f-4963-a870-fe9515dcabd0,fad.hamburg,available,69.98,73.98,high,low,3,namecheap,,,24/09/2026 19:13
58e6c848-82e9-45b4-942c-e0479cb2d280,alicante.hamburg,available,69.98,73.98,high,low,8,namecheap,,,02/10/2026 19:41
3afd7b5c-2414-4315-901e-224e8965196e,analogist.hamburg,available,69.98,73.98,medium,low,9,namecheap,,,19/09/2026 01:52
c27872d0-7950-48d6-b29b-3fbbebec1252,allopathy.hamburg,available,69.98,73.98,medium,low,9,namecheap,,,18/09/2026 12:00
0c981404-5d06-4829-8ba1-29a765b17f4a,caged.hamburg,available,69.98,73.98,medium,low,5,namecheap,,,02/10/2026 04:01
29b530d8-1cb8-4386-913c-46c53e334089,ablated.hamburg,available,59.99,59.99,medium,low,7,name.com,,,
3982a87c-4458-4912-8cf8-8e73df39339c,straps.hamburg,available,69.98,73.98,medium,low,6,namecheap,,,01/10/2026 14:01
4966d32a-673e-4703-a892-692e02afc09c,likud.hamburg,available,69.98,73.98,medium,low,5,namecheap,,,02/10/2026 19:40
baa1e885-5f5d-4596-afd5-9914e31d8dc1,seamless.hamburg,available,59.99,59.99,high,low,8,name.com,,,10/09/2026 00:47
5ec302a7-1297-4889-a483-38af32f076fb,such.hamburg,available,69.98,73.98,high,low,4,namecheap,,,28/09/2026 01:50
126e0a94-7c6d-4e7f-a82f-15f7a78923b5,alupent.hamburg,available,69.98,73.98,medium,low,7,namecheap,,,18/09/2026 15:17
1518415f-dfa2-405a-9b0c-8f81f917f614,checkers.hamburg,available,69.98,73.98,high,low,8,namecheap,,,24/09/2026 13:59
aabd8bc7-2a72-45ee-a48f-fbfae0f38b23,sewage.hamburg,available,69.98,73.98,medium,low,6,namecheap,,,30/09/2026 02:49
e36615ff-f288-4470-a50e-ec75d7b5a822,assets.hamburg,available,69.98,73.98,high,low,6,namecheap,,,20/09/2026 16:21
33531e5d-af27-41cc-a5cf-3360ed65bc5b,blanks.hamburg,available,69.98,73.98,low,low,6,namecheap,,,01/10/2026 00:46
75d84b23-acaf-4215-9c7d-10a2eed3fb08,unsatisfied.hamburg,available,69.98,73.98,medium,low,11,namecheap,,,02/10/2026 18:08
874a7bdb-3714-481c-922e-a3b858d3454d,roa.hamburg,available,69.98,73.98,high,low,3,namecheap,,,02/10/2026 22:07
e5c65bdd-5c03-4035-aa06-0f1e71cceabc,durkheim.hamburg,available,69.98,73.98,high,low,8,namecheap,,,02/10/2026 04:38
baddb81a-e12f-4d94-9fb2-26cf084345e7,sinitic.hamburg,available,69.98,73.98,high,medium,7,namecheap,,,10/09/2026 08:29
8276b7fc-4c12-4ee5-a7d7-50e221fe88d6,glendale.hamburg,available,69.98,73.98,high,low,8,namecheap,,,01/10/2026 10:33
93075457-07f6-4f4d-9bd6-c29a70c834cc,baptists.hamburg,available,69.98,73.98,high,low,8,namecheap,,,22/09/2026 03:33
8f7ff19d-c956-472a-b792-012d954013e3,unfeasible.hamburg,available,59.99,59.99,medium,low,10,name.com,,,21/08/2026 22:56
6aa243b5-7d1c-4c2b-82e5-98d12c541c2f,uniformly.hamburg,available,69.98,73.98,medium,low,9,namecheap,,,16/09/2026 10:05
e9174c32-6314-4cea-a296-234e2d439e98,salacious.hamburg,available,59.99,59.99,medium,low,9,name.com,,,23/08/2026 00:40
7d83275c-8830-4554-b7ec-7cf666b5ca73,artist.hamburg,available,69.98,73.98,high,low,6,namecheap,,,01/10/2026 20:15
a841e1ee-48b5-4723-9030-56177106439f,marshall.hamburg,available,69.98,73.98,high,low,8,namecheap,,,25/09/2026 05:06
26a162da-6a58-4d0d-9345-d826216eb929,fixing.hamburg,available,69.98,73.98,high,low,6,namecheap,,,18/09/2026 14:47
7e4931f3-2718-4a78-97d0-430981aba04c,nests.hamburg,available,69.98,73.98,medium,low,5,namecheap,,,02/10/2026 02:53
dbcefce7-22e1-405c-a285-94308d79eecb,tangibly.hamburg,available,69.98,73.98,medium,low,8,namecheap,,,16/09/2026 07:54
906fdc52-4afb-4700-9e73-167df7983f6b,remarkable.hamburg,available,59.99,59.99,high,low,10,name.com,,,09/09/2026 13:42
380c9f5e-372b-4299-8ad9-aad0d0fbdf7d,reforms.hamburg,available,69.98,73.98,medium,low,7,namecheap,,,02/10/2026 21:22
71247d8d-e797-444d-ae86-004e8c9cd675,dormant.hamburg,available,59.99,59.99,high,low,7,name.com,,,
f8ec5952-ae89-4af4-9756-171be6e9bbff,ensuing.hamburg,available,59.99,59.99,medium,low,7,name.com,,,17/08/2026 09:51
3c2f3d29-675d-4bff-a944-4f474baf2d9f,ninth.hamburg,available,59.99,59.99,high,low,5,name.com,,,
c148aa8a-755c-4e29-b81f-88e338e886b9,scythians.hamburg,available,69.98,73.98,medium,low,9,namecheap,,,02/10/2026 22:05
60bd9e79-020e-4ee3-b4d9-2d5b3d6a6716,geddes.hamburg,available,69.98,73.98,medium,low,6,namecheap,,,29/09/2026 15:03
46ee0d91-1059-4acc-8f80-cb71fcf16c1a,amy.hamburg,available,69.98,73.98,high,low,3,namecheap,,,25/09/2026 16:39
14451928-ba1e-4a8d-b830-8dd9dc4fe283,investors.hamburg,available,59.99,59.99,high,low,9,name.com,,,
22a7f476-12fc-41ca-b5a5-e16c93dad264,peacock.hamburg,available,69.98,73.98,high,high,7,namecheap,,,29/09/2026 23:42
69414ce8-5f85-4f04-b82b-8f5227632a03,fired.hamburg,available,69.98,73.98,medium,low,5,namecheap,,,24/09/2026 11:05
27eff37d-80d4-4b91-8f1f-d6dcccbc8715,centralized.hamburg,available,69.98,73.98,high,low,11,namecheap,,,02/10/2026 18:24
f5821689-7f53-49eb-ad92-0f0965f5b6e0,vestibule.hamburg,available,69.98,73.98,high,low,9,namecheap,,,19/09/2026 12:47
28985712-c3f7-4ffb-89d3-777ccfff8f84,presented.hamburg,available,69.98,73.98,medium,low,9,namecheap,,,28/09/2026 08:35
ca8d87ff-c5df-471a-bf0e-b3d826cbbdc7,darkness.hamburg,available,59.99,59.99,high,low,8,name.com,,,13/08/2026 17:53
e54aaca8-a004-476e-b318-dc899bfa8d95,measly.hamburg,available,59.99,59.99,medium,low,6,name.com,,,24/08/2026 18:23
0a4e2fb7-55a8-411f-838c-c8bfbcd0e115,curtly.hamburg,available,69.98,73.98,medium,low,6,namecheap,,,14/09/2026 10:10
6d7a1527-76fa-46bf-addc-820a4a8e4a6b,anabatic.hamburg,available,59.99,59.99,medium,low,8,name.com,,,
b3bc248c-8f80-4913-a999-c1a02d9f619f,adoringly.hamburg,available,59.99,59.99,medium,low,9,name.com,,,13/09/2026 17:23
4afc9f38-cad2-455b-8b41-1e770e3204c2,hairs.hamburg,available,69.98,73.98,medium,low,5,namecheap,,,28/09/2026 08:42
f7c18d26-2991-4815-b7fa-b21e0d71f0b7,homophonic.hamburg,available,59.99,59.99,medium,low,10,name.com,,,21/08/2026 13:06
38bc614f-bd02-4af9-9f22-524c8b4a3781,ulcer.hamburg,available,69.98,73.98,medium,low,5,namecheap,,,30/09/2026 11:13
8dc8b164-47b7-4276-bc4d-cb20f349c33b,chem.hamburg,available,69.98,73.98,high,low,4,namecheap,,,18/09/2026 00:59
cf296617-ddeb-49c1-a69b-e6c8a590ced6,blatant.hamburg,available,59.99,59.99,medium,low,7,name.com,,,10/08/2026 13:31
f89c9d4a-a4c1-4f14-b8e5-69ce6b97ee51,supine.hamburg,available,69.98,73.98,medium,low,6,namecheap,,,09/09/2026 15:27
4cc73d2f-6a35-4e5b-9705-51c2bab05d09,tatum.hamburg,available,59.99,59.99,high,low,5,name.com,,,20/09/2026 10:00
f8c695df-4d60-41d0-8ea9-fca750e40bde,modish.hamburg,available,59.99,59.99,high,low,6,name.com,,,
3066871b-31c4-41a5-98f7-297c2f0f09d5,melrose.hamburg,available,69.98,73.98,high,low,7,namecheap,,,28/09/2026 08:55
900ef419-30df-4fc6-9fee-bf3e3990b250,polarity.hamburg,available,69.98,73.98,high,low,8,namecheap,,,03/10/2026 01:39
3bd7cec1-4ffa-46a2-a03a-6b9a676d74f1,highbrow.hamburg,available,59.99,59.99,high,low,8,name.com,,,21/08/2026 09:09
7659b9d0-5ff9-4c0d-8889-f7c834ebd874,swirl.hamburg,available,69.98,73.98,high,low,5,namecheap,,,02/10/2026 04:27
83a34866-5dda-4c20-9544-402c44c737a4,guarantee.hamburg,available,69.98,73.98,high,low,9,namecheap,,,29/09/2026 21:38
b89bded0-184f-43d1-bdae-1c8eee8cb2a4,biter.hamburg,available,69.98,73.98,medium,low,5,namecheap,,,23/09/2026 22:27
79a44d2c-6bae-4d86-830d-b9ae52a89eb1,tercet.hamburg,available,59.99,59.99,medium,low,6,name.com,,,
f3e10264-d000-4e3e-b67f-b8f35f3a295a,armoured.hamburg,available,59.99,59.99,medium,low,8,name.com,,,06/08/2026 20:10
ec8db5b3-3935-4f1b-8482-255c1a484751,observable.hamburg,available,69.98,73.98,high,low,10,namecheap,,,03/09/2026 23:59
f70591ce-0b50-41fe-adfa-446ceaca2884,exploded.hamburg,available,59.99,59.99,medium,low,8,name.com,,,17/08/2026 18:28
3b56662b-7efc-4b9b-8ca2-d5abd37cbe86,interference.hamburg,available,69.98,73.98,medium,low,12,namecheap,,,28/09/2026 21:09
7ede19d6-6801-4ec3-b95a-09e84dc6750a,gaussian.hamburg,available,59.99,59.99,high,low,8,name.com,,,18/08/2026 20:52
83d60647-594e-4039-b046-0319ebf27620,tuning.hamburg,available,69.98,73.98,high,low,6,namecheap,,,29/09/2026 08:16
f4f41c8d-cf23-452a-96ac-c2d1349b4534,waikato.hamburg,available,69.98,73.98,medium,low,7,namecheap,,,02/10/2026 10:00
f0aaa960-38b8-46d2-b0ef-e316e30f6b56,hop.hamburg,available,59.99,59.99,high,low,3,name.com,,,25/09/2026 07:30
0bb7a43b-22ea-433c-a373-bfedd2387e77,shadow.hamburg,available,69.98,73.98,high,medium,6,namecheap,,,29/09/2026 17:19
55216066-0050-401a-8fb3-afa0953d7bd2,reconstructed.hamburg,available,69.98,73.98,medium,low,13,namecheap,,,30/09/2026 22:29
62677ddc-f446-4e8b-898a-a26c92eb921c,scrutinize.hamburg,available,59.99,59.99,high,low,10,name.com,,,21/09/2026 03:06
86b34aa1-a600-4a1f-ac88-8a2d4563c92f,aerides.hamburg,available,69.98,73.98,medium,low,7,namecheap,,,17/09/2026 12:51
6b3cd619-937e-4476-a162-e37eac2ace79,antinomy.hamburg,available,69.98,73.98,medium,low,8,namecheap,,,19/09/2026 14:49
c952ef0c-eaab-41d0-ab5c-ed0983f16c00,tropic.hamburg,available,69.98,73.98,high,low,6,namecheap,,,11/09/2026 20:25
a0a095e9-541f-4942-88c9-9bfdd7bf8afb,screws.hamburg,available,69.98,73.98,medium,low,6,namecheap,,,29/09/2026 17:35
db71a684-b9e6-4454-bd23-2c7fec322617,worries.hamburg,available,69.98,73.98,medium,low,7,namecheap,,,28/09/2026 04:50
ed0ded6e-4f35-4f02-ba8e-a72d4b9519ab,mesmerised.hamburg,available,59.99,59.99,medium,low,10,name.com,,,17/08/2026 22:52
1e7b0c31-6867-4b1d-bd36-a702d0f4a874,frilly.hamburg,available,59.99,59.99,medium,low,6,name.com,,,18/08/2026 15:51
4b267222-9906-4e4d-8450-17ffb82138d9,judge.hamburg,available,69.98,73.98,high,low,5,namecheap,,,25/09/2026 05:43
bd3ba037-ac5c-48bf-8912-3ed6929d673e,comely.hamburg,available,59.99,59.99,medium,low,6,name.com,,,09/08/2026 06:13
8eed6a59-1857-48ae-a015-2924121128e7,suburbs.hamburg,available,69.98,73.98,medium,low,7,namecheap,,,29/09/2026 05:04
d38cc972-614c-4f5b-9cf5-0579a93b5c73,mask.hamburg,available,69.98,73.98,high,low,4,namecheap,,,29/09/2026 10:08
b542fd4d-5f5f-433d-a8af-973b67ffcc64,mountain.hamburg,available,69.98,73.98,high,low,8,namecheap,,,25/09/2026 20:48
cf14051c-ef23-428a-b7db-d43e8cdf13be,necessarily.hamburg,available,69.98,73.98,medium,low,11,namecheap,,,01/10/2026 01:47
4429da0d-a3f7-4238-a8a7-a9e0c83420fe,dolomitic.hamburg,available,59.99,59.99,medium,low,9,name.com,,,14/08/2026 15:28
47d22def-0b19-4d1d-8548-c20ba81c21de,barber.hamburg,available,69.98,73.98,high,low,6,namecheap,,,29/09/2026 01:08
162b5056-d153-4b30-8ab0-eee9da63c0d1,flushed.hamburg,available,59.99,59.99,high,low,7,name.com,,,18/08/2026 09:26
f589dc50-c4a5-49dd-804a-d142732311f6,berkshire.hamburg,available,69.98,73.98,high,low,9,namecheap,,,23/09/2026 09:33
215dcf13-a232-43a5-a1b7-e334ef766329,benzine.hamburg,available,69.98,73.98,medium,low,7,namecheap,,,23/09/2026 08:53
ba622dc2-4c43-4792-990d-0ff09520e87e,supporters.hamburg,available,69.98,73.98,medium,low,10,namecheap,,,30/09/2026 07:11
5da37397-7558-47f8-a0c4-f26968654711,frc.hamburg,available,69.98,73.98,high,low,3,namecheap,,,02/10/2026 22:09
fca3666a-396e-4698-90b3-0d040d0dd00e,cookies.hamburg,available,69.98,73.98,high,low,7,namecheap,,,27/09/2026 23:29
8154877f-e8ae-4ce0-82c4-cf99fd254207,spent.hamburg,available,59.99,59.99,medium,low,5,name.com,,,14/08/2026 14:53
e77135ab-6366-4675-ac0b-04f975193247,ludicrous.hamburg,available,59.99,59.99,medium,low,9,name.com,,,14/08/2026 02:58
24856ad3-64ed-4546-879d-aae3417992a9,micro.hamburg,available,69.98,73.98,high,medium,5,namecheap,,,02/10/2026 12:28
56a27650-d261-4118-a760-177c0b6dc7dd,path.hamburg,available,69.98,73.98,high,low,4,namecheap,,,25/09/2026 07:51
8afecc13-4795-4127-9172-9a04f52deb90,coulson.hamburg,available,69.98,73.98,medium,low,7,namecheap,,,30/09/2026 21:34
0812aa7a-3aee-4c7c-a8b8-1a46dc2629e6,disgust.hamburg,available,69.98,73.98,high,low,7,namecheap,,,29/09/2026 15:47
a36b57af-f69c-4899-8e67-3bce71234a85,ubiquitous.hamburg,available,69.98,73.98,high,low,10,namecheap,,,04/09/2026 13:54
f1deeb6c-76bf-4381-aa98-c0d8e0f30777,ctc.hamburg,available,69.98,73.98,high,low,3,namecheap,,,01/10/2026 01:36
c81fbd71-76a3-4c90-9eec-b5fe1aa8947b,forwarded.hamburg,available,69.98,73.98,medium,low,9,namecheap,,,02/10/2026 03:19
ad598c63-21e4-4b0c-8174-25299e8a4320,alca.hamburg,available,69.98,73.98,high,low,4,namecheap,,,18/09/2026 03:36
2a4a599e-7ed3-4054-bd86-bffd5f424c53,ying.hamburg,available,69.98,73.98,medium,low,4,namecheap,,,28/09/2026 11:38
19e5fb1d-5b18-479b-9982-ed0f7d80b5e6,embrace.hamburg,available,69.98,73.98,high,low,7,namecheap,,,29/09/2026 17:59
afbe2714-33c8-4ba9-9e15-2d731bbcb97b,ravine.hamburg,available,69.98,73.98,high,low,6,namecheap,,,30/09/2026 18:25
94556848-9224-499d-a0b1-7d96bdaeb2be,chemic.hamburg,available,59.99,59.99,medium,low,6,name.com,,,12/08/2026 04:12
2a109b77-75df-4e54-97f2-94b2586abf3c,fungal.hamburg,available,59.99,59.99,medium,low,6,name.com,,,18/08/2026 18:28
56893638-fe0a-4fdf-946a-99c6d4901373,fortuitous.hamburg,available,59.99,59.99,high,low,10,name.com,,,18/08/2026 12:43
b3e8f786-2a04-4259-b4d7-e11f4c358c09,bricole.hamburg,available,69.98,73.98,medium,low,7,namecheap,,,20/09/2026 00:36
4d44fd6f-6f93-4d83-a2cf-10d5feccda79,jeddah.hamburg,available,69.98,73.98,high,low,6,namecheap,,,02/10/2026 05:29
03a946a1-599a-4b02-9e42-cc6e42968b3c,hoyt.hamburg,available,69.98,73.98,medium,low,4,namecheap,,,28/09/2026 08:07
b54dbb8d-a2db-4f59-82de-0d8e149ed1bf,dames.hamburg,available,69.98,73.98,medium,low,5,namecheap,,,30/09/2026 15:29
bba225dd-214f-4d23-b2f3-350176cec770,aidoneus.hamburg,available,69.98,73.98,medium,low,8,namecheap,,,17/09/2026 20:53
57242a38-e6fc-4444-a6a5-138995b98ac0,previous.hamburg,available,69.98,73.98,high,low,8,namecheap,,,01/10/2026 02:56
bc15f04f-3046-4c9b-9571-4e28901f9fb9,sondheim.hamburg,available,69.98,73.98,high,low,8,namecheap,,,03/10/2026 02:09
123ad033-fa23-4127-af18-b5a177d583a7,concealed.hamburg,available,69.98,73.98,high,low,9,namecheap,,,23/09/2026 18:33
b57b49d7-1347-48a9-9e8d-a340beeb36a2,gavin.hamburg,available,69.98,73.98,high,low,5,namecheap,,,26/09/2026 03:29
8d857317-6fc5-471b-ab55-25dda4d3a350,imitation.hamburg,available,59.99,59.99,high,low,9,name.com,,,18/08/2026 00:14
9ef70653-e7fa-4f06-941b-1ef61ec3cefe,prevents.hamburg,available,69.98,73.98,medium,low,8,namecheap,,,29/09/2026 16:31
50d8f1c3-e91b-47aa-9c5c-306ea199fe1a,ala.hamburg,available,69.98,73.98,high,low,3,namecheap,,,28/09/2026 19:57
bde1c9e7-72f0-4ab3-a5cb-366c8b941f0b,feral.hamburg,available,59.99,59.99,high,low,5,name.com,,,18/08/2026 01:10
2e6df14b-f12c-4682-bb37-233767b8eb8f,baptized.hamburg,available,59.99,59.99,high,low,8,name.com,,,08/08/2026 14:55
95ce0f69-1c30-422a-96b8-c9a5d311d693,sickness.hamburg,available,69.98,73.98,high,low,8,namecheap,,,27/09/2026 04:31
18d31143-27f0-4a67-876b-1a5c7e76a761,diane.hamburg,available,69.98,73.98,high,low,5,namecheap,,,25/09/2026 19:09
9d8c23de-ef39-4794-ab23-a6e781d522ea,wrestling.hamburg,available,69.98,73.98,high,low,9,namecheap,,,29/09/2026 21:30
15590050-84b3-4cbb-a10e-917ec010bce9,atonia.hamburg,available,69.98,73.98,medium,low,6,namecheap,,,19/09/2026 00:37
ad2005fa-629d-4782-8966-5395ed6f8d18,remainder.hamburg,available,59.99,59.99,high,low,9,name.com,,,09/09/2026 15:03
2e3c5aab-422c-460e-9ef5-60e64b174f14,mystical.hamburg,available,69.98,73.98,high,low,8,namecheap,,,03/09/2026 12:24
f509af4d-601f-49c4-aff7-0d465c9fbda3,exclusion.hamburg,available,69.98,73.98,high,low,9,namecheap,,,30/09/2026 17:15
c8151079-7320-4cc9-9354-3ff180ff26e8,dishonored.hamburg,available,59.99,59.99,medium,low,10,name.com,,,14/08/2026 10:23
db882577-9afa-4a8e-a700-45709c85e22e,actionable.hamburg,available,69.98,73.98,high,low,10,namecheap,,,21/09/2026 16:28
892c1e17-04f0-464e-a0d9-22af1937e9b4,comparative.hamburg,available,69.98,73.98,high,low,11,namecheap,,,29/09/2026 20:48
ea084672-90c9-42c3-803d-a38d3606b9dc,crunch.hamburg,available,69.98,73.98,high,low,6,namecheap,,,24/09/2026 19:53
7995a18a-38b2-4c83-8967-8f46a253ed82,vein.hamburg,available,69.98,73.98,high,low,4,namecheap,,,30/09/2026 04:35
2307ce45-9146-45ad-8e08-8d211b3263c1,runty.hamburg,available,69.98,73.98,high,medium,5,namecheap,,,08/09/2026 19:54
b5e4fe6a-7168-4e99-b83c-354053dff5d6,dazzled.hamburg,available,59.99,59.99,high,low,7,name.com,,,13/08/2026 18:57
0f795f99-e2f3-4158-af33-e11dd2e98215,meatless.hamburg,available,59.99,59.99,medium,low,8,name.com,,,24/08/2026 18:33
c49f97d8-319e-4a77-8985-7b8dad66f15e,hatch.hamburg,available,69.98,73.98,high,low,5,namecheap,,,27/09/2026 03:37
b44f9322-7d29-45eb-a35f-95ee5eb28e5a,grindle.hamburg,available,69.98,73.98,medium,low,7,namecheap,,,18/09/2026 21:21
b76eee1b-96e4-4157-9019-b23c8e3f74b4,particle.hamburg,available,69.98,73.98,high,low,8,namecheap,,,24/09/2026 18:19
da7312ae-09b6-4e61-83a0-8ffa14500431,croak.hamburg,available,69.98,73.98,medium,low,5,namecheap,,,24/09/2026 19:33
18f1282b-5236-4a36-a056-a290b231a31d,elected.hamburg,available,59.99,59.99,high,low,7,name.com,,,16/08/2026 02:35
72065786-5093-4b02-b33c-6a812339e942,trip.hamburg,available,69.98,73.98,high,low,4,namecheap,,,08/09/2026 04:57
a83ad791-e46e-4064-ba9a-28dbeddcca3f,rite.hamburg,available,69.98,73.98,high,low,4,namecheap,,,09/09/2026 18:03
7a4dc236-5b3d-49f1-8eb5-b810678ab229,axil.hamburg,available,69.98,73.98,high,low,4,namecheap,,,21/09/2026 10:22
187827f5-06f0-42c9-8177-a5e8cdfaa083,mint.hamburg,available,69.98,73.98,high,high,4,namecheap,,,25/09/2026 20:41
f688c853-36ee-4017-9dfa-1d8205ce6471,territory.hamburg,available,69.98,73.98,high,low,9,namecheap,,,29/09/2026 16:20
ced8873d-5152-4a96-9242-1ddba82c1324,stationary.hamburg,available,59.99,59.99,high,low,10,name.com,,,10/09/2026 19:12
2a7808a7-c12d-473b-96e4-da135cfb2c31,etiquette.hamburg,available,69.98,73.98,high,low,9,namecheap,,,29/09/2026 18:48
7fcbcc08-98c2-4aee-bb14-81e9b0a4253d,pharaonic.hamburg,available,69.98,73.98,medium,low,9,namecheap,,,08/09/2026 18:44
e446a792-5220-4e00-bab7-14e3119ee7bc,scathing.hamburg,available,69.98,73.98,medium,low,8,namecheap,,,09/09/2026 22:57
c4e2846d-1af3-4d83-83ad-19165e0f1b1a,finals.hamburg,available,59.99,59.99,high,low,6,name.com,,,18/09/2026 22:07
e7b27524-9dad-4c15-95f4-5f14a11705a7,reptile.hamburg,available,69.98,73.98,high,low,7,namecheap,,,09/09/2026 14:41
629fabca-be6b-456a-8b85-6c734fe29164,madrona.hamburg,available,69.98,73.98,medium,low,7,namecheap,,,20/09/2026 01:01
4286d9fb-1d31-47f7-9290-3de83499256f,amorpha.hamburg,available,69.98,73.98,medium,low,7,namecheap,,,18/09/2026 22:43
e5501972-e502-4427-b595-0e6ae9d26167,bakehouse.hamburg,available,69.98,73.98,high,low,9,namecheap,,,21/09/2026 20:13
c0e90243-23a1-4600-87be-5deb5dcb516a,barmaid.hamburg,available,69.98,73.98,high,low,7,namecheap,,,22/09/2026 06:36
e5d09ffa-b0cb-4383-a743-f1dbd2aecd9d,forehand.hamburg,available,59.99,59.99,medium,low,8,name.com,,,18/08/2026 11:38
c422fe3b-6d26-4561-a4c3-8987ef769bc7,clutter.hamburg,available,69.98,73.98,medium,low,7,namecheap,,,01/10/2026 18:58
3f7ecd06-48ec-4e2a-b6ba-a745990cc775,theater.hamburg,available,69.98,73.98,high,low,7,namecheap,,,02/10/2026 22:09
0916c0d9-9c57-4855-8608-28a00dd640db,wedded.hamburg,available,69.98,73.98,high,low,6,namecheap,,,13/09/2026 09:30
94b70eb6-83ab-4f4d-a849-9ee8ff3e4f59,transpolar.hamburg,available,69.98,73.98,medium,low,10,namecheap,,,11/09/2026 18:57
94b0e28c-a5ad-4010-a653-fc6078fb436e,angelology.hamburg,available,69.98,73.98,medium,low,10,namecheap,,,19/09/2026 06:02
5c4ccdf3-50b7-48d2-bf34-35cc15c57b07,shandong.hamburg,available,69.98,73.98,medium,low,8,namecheap,,,29/09/2026 03:52
10a143a9-e884-463e-861d-b87c55724c55,derive.hamburg,available,69.98,73.98,high,low,6,namecheap,,,29/09/2026 20:28
e2257241-5f92-4956-93d5-2a5d2773db37,pediatrist.hamburg,available,69.98,73.98,high,low,10,namecheap,,,21/09/2026 13:27
89af84c8-2e29-4081-bf08-9fa3db9e0a4b,centimeter.hamburg,available,69.98,73.98,high,low,10,namecheap,,,24/09/2026 13:34
dbb72788-e8f0-4b73-a372-81f0678c1b99,toothcare.hamburg,available,59.99,,medium,low,9,name.com,,,
725a7028-c4f8-44ad-b8b1-040bacedd0f9,wysiwyg.hamburg,available,69.98,73.98,high,low,7,namecheap,,,13/09/2026 13:51
04ee2a1b-b675-4619-bc57-59bbe2895b05,puglia.hamburg,available,69.98,73.98,high,low,6,namecheap,,,19/09/2026 22:41
2bcc624c-4e4c-4a42-8eab-aa713709c97a,amplitude.hamburg,available,69.98,73.98,high,low,9,namecheap,,,18/09/2026 23:46
8a62d627-1ac1-4525-b947-fbc270b59c61,cloze.hamburg,available,59.99,59.99,medium,low,5,name.com,,,12/08/2026 12:54
d116cadc-7b00-4b4d-b17a-9c87d5478352,nuremberg.hamburg,available,69.98,73.98,high,low,9,namecheap,,,25/09/2026 23:53
c72d4cf5-84ee-4157-b3fd-3615e7bbe1b2,socratic.hamburg,available,69.98,73.98,high,low,8,namecheap,,,10/09/2026 13:20
e78b8e9f-da71-42c9-8622-e409460c746e,european.hamburg,available,69.98,73.98,high,low,8,namecheap,,,24/09/2026 15:26
e7fed069-7a0f-48e5-b374-f0e8aa4ec386,gur.hamburg,available,69.98,73.98,medium,low,3,namecheap,,,13/09/2026 06:52
523afda2-2604-47f1-bdf1-af8425f45673,somber.hamburg,available,69.98,73.98,medium,low,6,namecheap,,,10/09/2026 14:00
b1530b7a-6ab4-49da-a760-17365f7a917a,autograph.hamburg,available,69.98,73.98,high,low,9,namecheap,,,21/09/2026 06:37
a9c27c7a-0424-4826-b78c-b719e80f02ce,congruent.hamburg,available,59.99,59.99,high,low,9,name.com,,,12/08/2026 21:57
ab7ab713-62fb-492a-bb87-2d8c3a9781be,maxim.hamburg,available,69.98,73.98,high,low,5,namecheap,,,28/09/2026 23:52
bbb332b2-3145-4ef8-b387-20846e99f72f,trippingly.hamburg,available,69.98,73.98,medium,low,10,namecheap,,,15/09/2026 11:20
fc1be596-5828-47e6-8458-0158c8fcb427,gmt.hamburg,available,69.98,73.98,medium,low,3,namecheap,,,28/09/2026 14:18
56a2a629-36e9-447d-b026-4d1590763e75,arrives.hamburg,available,69.98,73.98,medium,low,7,namecheap,,,20/09/2026 01:05
c4ec314a-d8e1-45a7-bfe5-a3d1d6276838,third.hamburg,available,59.99,59.99,high,low,5,name.com,,,
ab0ef096-b5ed-41fe-a0ba-a148ed4ba163,austere.hamburg,available,69.98,73.98,medium,low,7,namecheap,,,22/09/2026 13:15
e896fa1b-32b5-4cc7-ae0b-9a128d1c4a5a,downs.hamburg,available,69.98,73.98,medium,low,5,namecheap,,,29/09/2026 09:11
5d93d173-1896-44bf-97e0-b77c9b14adcc,pseudo.hamburg,available,69.98,73.98,high,low,6,namecheap,,,09/09/2026 04:56
7752078f-7c1a-48ea-821d-6b174a4465b5,breakthrough.hamburg,available,69.98,73.98,high,low,12,namecheap,,,28/09/2026 07:10
01dbef50-f582-49a4-9da8-c5b38d75a6bb,blah.hamburg,available,69.98,73.98,high,low,4,namecheap,,,24/09/2026 03:41
a8609cbb-b996-4c2c-b239-56a7964df616,hwy.hamburg,available,69.98,73.98,high,low,3,namecheap,,,29/09/2026 05:03
d500588b-a78e-4904-9c6a-16d3d34796b8,evaluated.hamburg,available,69.98,73.98,medium,low,9,namecheap,,,01/10/2026 16:32
3b5e30bf-1fe9-4c06-810b-e61976c17463,conferences.hamburg,available,69.98,73.98,medium,low,11,namecheap,,,30/09/2026 07:38
593c4ab4-c144-4d78-acb9-b07982a5aca3,newscast.hamburg,available,69.98,73.98,high,low,8,namecheap,,,02/10/2026 16:11
4c4af793-3fd0-4285-9067-55389f644a9a,calf.hamburg,available,69.98,73.98,high,low,4,namecheap,,,29/09/2026 05:52
a5c01c02-75be-4936-af49-3a74f4853ccc,enter.hamburg,available,69.98,73.98,high,low,5,namecheap,,,29/09/2026 23:59
21904629-0414-4103-80a3-0ec155a5198a,roommates.hamburg,available,69.98,73.98,medium,low,9,namecheap,,,21/09/2026 02:59
0c1b3810-8778-42f4-8bbd-35ecb1ea3136,wreckage.hamburg,available,69.98,73.98,medium,low,8,namecheap,,,29/09/2026 08:20
1326b42c-45fe-46f1-bf47-557d2482ca7c,verdun.hamburg,available,69.98,73.98,medium,low,6,namecheap,,,22/09/2026 16:19
56715467-351d-45af-9695-5923777f7f9a,drank.hamburg,available,69.98,73.98,high,low,5,namecheap,,,28/09/2026 08:20
7e6778ff-1aef-49de-bf4f-6f8fba28a1c5,laurels.hamburg,available,69.98,73.98,high,low,7,namecheap,,,16/09/2026 22:48
e84ccaf6-9f4f-4c47-a78d-2aba6c777143,consolidation.hamburg,available,69.98,73.98,high,low,13,namecheap,,,02/10/2026 08:12
bdd3bae1-a9db-4e02-87a6-e20a56f2b7d4,hai.hamburg,available,69.98,73.98,high,low,3,namecheap,,,27/09/2026 16:50
e44be10e-2531-4a43-bb71-80398b89e3ee,salaried.hamburg,available,59.99,59.99,high,low,8,name.com,,,12/08/2026 19:23
2f6a8fea-2cf7-4244-8ab6-e06296007a53,knackered.hamburg,available,59.99,59.99,medium,low,9,name.com,,,22/08/2026 16:23
e48d01da-8665-42b4-b4d3-0138dd5dc933,floss.hamburg,available,69.98,73.98,high,low,5,namecheap,,,24/09/2026 21:54
7449ce80-4e51-4dbf-a090-2f2831d32d8f,voltaic.hamburg,available,59.99,59.99,medium,low,7,name.com,,,18/08/2026 19:42
18efe9e6-0f6a-40a6-84f5-a0dd391eedf8,crushing.hamburg,available,59.99,59.99,high,low,8,name.com,,,13/08/2026 09:13
6d3c50d0-5755-49cb-b792-2644a2212768,emile.hamburg,available,69.98,73.98,medium,low,5,namecheap,,,27/09/2026 13:23
54ceb2b2-3f2f-4aa9-b245-2dd5b16b3d95,moment.hamburg,available,69.98,73.98,high,low,6,namecheap,,,29/09/2026 22:41
a3921cc1-37ac-4a2e-bbff-544a41305a1e,fans.hamburg,available,69.98,73.98,high,low,4,namecheap,,,25/09/2026 21:32
701aa40e-bd34-4c6e-8745-b0999b0503a0,chargeable.hamburg,available,59.99,59.99,medium,low,10,name.com,,,12/08/2026 02:27
c5726c2d-8718-448c-bb1b-fb388e15226e,northwards.hamburg,available,69.98,73.98,medium,low,10,namecheap,,,03/09/2026 21:25
14b8d348-f9ee-4cee-b031-669f0379db5b,currently.hamburg,available,69.98,73.98,medium,low,9,namecheap,,,28/09/2026 14:29
d52853d1-a4d4-44a1-a7fb-68d335353620,propelling.hamburg,available,69.98,73.98,high,low,10,namecheap,,,09/09/2026 03:30
8e829fc5-dc29-40d5-a970-c4825c52e2bb,canis.hamburg,available,69.98,73.98,high,low,5,namecheap,,,30/09/2026 08:55
e2fd4c66-4ad8-4c19-baf9-f7f99ce35030,avoided.hamburg,available,69.98,73.98,low,low,7,namecheap,,,29/09/2026 05:05
a713ac42-1b47-4ea9-99c9-21a8ddaf3438,deific.hamburg,available,59.99,59.99,medium,low,6,name.com,,,14/08/2026 00:13
85f3fdb8-45e4-4362-b7a6-2da12442a2ec,hunchback.hamburg,available,59.99,59.99,medium,low,9,name.com,,,13/08/2026 07:49
66da41c1-1d07-4202-9f4d-278cbad07567,cumulate.hamburg,available,59.99,59.99,high,low,8,name.com,,,12/08/2026 21:52
d5b5ef04-4427-46a3-a275-98f9ebd45c6c,ariane.hamburg,available,69.98,73.98,medium,low,6,namecheap,,,02/10/2026 14:10
e20e618f-0537-4d9b-a07f-1c9f59225bf7,francisco.hamburg,available,69.98,73.98,high,low,9,namecheap,,,25/09/2026 18:30
1cf3c56b-089f-4ff3-941c-8313daa867c1,story.hamburg,available,69.98,73.98,high,medium,5,namecheap,,,25/09/2026 22:53
dcff4358-91ba-4490-9653-c44702bfed55,trot.hamburg,available,69.98,73.98,high,low,4,namecheap,,,01/10/2026 02:54
212d455b-90f2-4c30-ae53-ecb759db12b0,allocator.hamburg,available,69.98,73.98,high,low,9,namecheap,,,18/09/2026 11:47
541d8530-058d-4946-ae42-187f191ecdd4,hiring.hamburg,available,69.98,73.98,high,low,6,namecheap,,,28/09/2026 08:27
f8b95d6b-c7cc-44c5-8d6a-22244d9ba592,seeded.hamburg,available,69.98,73.98,high,low,6,namecheap,,,10/09/2026 01:43
b4271456-a0bd-40ea-a5de-65bb7fa21b19,liberal.hamburg,available,59.99,59.99,high,low,7,name.com,,,09/08/2026 20:57
f4b87ae2-4db8-489f-ace3-68ac1890db90,scream.hamburg,available,69.98,73.98,high,low,6,namecheap,,,27/09/2026 18:35
801a26a5-33a4-43c8-a76b-ee2233ba2ba9,consolidate.hamburg,available,69.98,73.98,high,low,11,namecheap,,,01/10/2026 04:56
bc9bfbeb-4abb-46ca-83ee-85c715bff204,pizzicato.hamburg,available,69.98,73.98,high,medium,9,namecheap,,,08/09/2026 20:12
ee3145eb-e5e3-4001-9bc6-6fef2910a8a1,romance.hamburg,available,69.98,73.98,high,low,7,namecheap,,,27/09/2026 15:59
0fe172c3-9201-4315-9439-3a2a719691ca,jra.hamburg,available,69.98,73.98,medium,low,3,namecheap,,,19/09/2026 14:09
c70474ab-50ec-4d22-888d-a046dff3af07,shelton.hamburg,available,69.98,73.98,medium,low,7,namecheap,,,27/09/2026 01:50
6a26bc40-f3cf-4fe2-870d-9e9699f8eecf,campy.hamburg,available,59.99,59.99,medium,low,5,name.com,,,11/08/2026 15:48
52df1e03-7c67-4567-91fa-a545cf530098,troubled.hamburg,available,59.99,59.99,medium,low,8,name.com,,,14/08/2026 12:23
ae99cbd5-c8e8-4088-895a-31ac40e8fd96,commoner.hamburg,available,69.98,73.98,high,low,8,namecheap,,,03/10/2026 00:04
38b1a411-2392-4943-8aac-375be9aca62c,miserable.hamburg,available,59.99,59.99,high,low,9,name.com,,,
10e83d39-23d5-4c42-b68f-af8d218ee25c,plumbago.hamburg,available,69.98,73.98,medium,low,8,namecheap,,,24/09/2026 01:07
1a4c901c-a234-4f38-a730-fa8581d585a9,bong.hamburg,available,69.98,73.98,high,low,4,namecheap,,,02/10/2026 04:07
1d753ffe-31f7-495d-9954-8b8af84e1382,library.hamburg,available,69.98,73.98,high,low,7,namecheap,,,28/09/2026 08:46
4413324f-d2d3-416b-955c-c97967b9c9ef,asserted.hamburg,available,59.99,59.99,medium,low,8,name.com,,,07/08/2026 05:54
6293b7ad-812c-4608-a5e9-af4ef6ec5837,indigene.hamburg,available,69.98,73.98,high,low,8,namecheap,,,03/09/2026 13:49
773fed00-c4ba-49ec-861f-acc1e7246d21,double.hamburg,available,69.98,73.98,high,low,6,namecheap,,,24/09/2026 11:46
d6b5799c-24ac-4067-bf72-cfd96f9fd609,mournful.hamburg,available,59.99,59.99,medium,low,8,name.com,,,14/08/2026 15:16
7771300f-76ce-45f7-bedb-828e3b209e28,mutual.hamburg,available,69.98,73.98,high,low,6,namecheap,,,25/09/2026 22:40
9629e123-a79d-4865-8219-140cee7cbc8a,arachnida.hamburg,available,69.98,73.98,medium,low,9,namecheap,,,19/09/2026 23:41
7084765b-ea07-47b8-89ef-e1ba02821c42,nicaea.hamburg,available,69.98,73.98,medium,low,6,namecheap,,,02/10/2026 04:51
662ef638-3a85-4025-86ef-b8bdb517c54d,electoral.hamburg,available,59.99,59.99,high,low,9,name.com,,,16/08/2026 02:37
d05bdc35-de09-46e4-9854-e22cb24a6101,coursework.hamburg,available,69.98,73.98,high,low,10,namecheap,,,30/09/2026 16:49
95616afd-87d5-43b6-89ef-6e698b281d62,bangles.hamburg,available,69.98,73.98,medium,low,7,namecheap,,,20/09/2026 19:22
6dc35c3b-4c90-45a3-916d-893246924921,involute.hamburg,available,59.99,59.99,high,low,8,name.com,,,22/08/2026 09:12
d4378887-49f0-4a0e-b3a4-fc1af73202b6,continuity.hamburg,available,69.98,73.98,high,low,10,namecheap,,,24/09/2026 17:42
25109df5-b33e-4270-83a0-5e5bd7f42f9d,bank.hamburg,resell,,,high,medium,4,,20/04/2016 14:43,20/04/2027 14:43,29/09/2026 01:00
845db208-bb27-40a1-bf83-b04e4936c8a8,yield.hamburg,available,69.98,73.98,high,low,5,namecheap,,,30/09/2026 07:29
a3da88cd-8f05-4540-825e-625adb657cac,nsc.hamburg,available,69.98,73.98,high,low,3,namecheap,,,29/09/2026 07:39
3e5da14b-2b3d-411b-a8d2-2d484b7ac8ad,headphones.hamburg,available,69.98,73.98,high,low,10,namecheap,,,02/10/2026 01:19
b9c1d80b-0718-4333-8daf-80edd882cf4e,grow.hamburg,available,69.98,73.98,high,medium,4,namecheap,,,25/09/2026 18:10
77796b96-48a0-45c1-87d0-3b0dc8869ae4,cubical.hamburg,available,59.99,59.99,medium,low,7,name.com,,,13/08/2026 09:51
9b5ef1ef-5df0-400d-9eb2-defa14961a07,offence.hamburg,available,69.98,73.98,medium,low,7,namecheap,,,04/09/2026 01:34
d004bfe2-6270-4527-bfc2-0938815e9508,appeals.hamburg,available,69.98,73.98,low,low,7,namecheap,,,28/09/2026 23:39
9877d9c3-04e7-475e-a4db-5d27a51f4777,barak.hamburg,available,69.98,73.98,high,low,5,namecheap,,,30/09/2026 20:54
a9c368b8-4e25-482a-87a1-559e34878844,livelong.hamburg,available,59.99,59.99,high,low,8,name.com,,,24/08/2026 07:57
1839e0e6-1165-4226-9476-bb368376be7c,nsa.hamburg,available,69.98,73.98,high,low,3,namecheap,,,27/09/2026 04:50
9b3bee61-2a04-496c-8fc1-50addb5096aa,hauled.hamburg,available,69.98,73.98,medium,low,6,namecheap,,,30/09/2026 00:24
e2b29a27-89c2-428f-81ef-304777aa430c,pubic.hamburg,available,69.98,73.98,medium,low,5,namecheap,,,09/09/2026 05:20
b78b87ed-2080-4903-ac67-081f11fbc5dc,manifestly.hamburg,available,69.98,73.98,medium,low,10,namecheap,,,08/09/2026 20:23
262c2994-c106-4b1d-b281-85cfb63234c3,odour.hamburg,available,69.98,73.98,high,low,5,namecheap,,,20/09/2026 08:26
e1c85ed5-4194-430f-b9c3-28b9c82ffa96,card.hamburg,available,69.98,73.98,high,medium,4,namecheap,,,28/09/2026 18:21
3cc0a859-4f9b-482a-8d06-cb44082f7349,athletics.hamburg,available,69.98,73.98,high,medium,9,namecheap,,,28/09/2026 22:59
a530b02f-804f-45cc-83a1-fa291518bccd,gallant.hamburg,available,59.99,59.99,high,low,7,name.com,,,12/08/2026 06:16
54d050de-794e-4002-83c3-73600126b58d,kyoto.hamburg,available,69.98,73.98,high,low,5,namecheap,,,29/09/2026 19:29
18d1fbe2-c43f-47af-82de-67c6e33ddf0d,peerage.hamburg,available,69.98,73.98,high,low,7,namecheap,,,22/09/2026 07:17
f6c2ed1e-bb1f-4871-85f4-ca905e70ee5d,brussels.hamburg,available,69.98,73.98,high,low,8,namecheap,,,23/09/2026 04:57
c40c4628-b738-4f19-8228-ede1a0026545,sweat.hamburg,available,69.98,73.98,high,low,5,namecheap,,,29/09/2026 17:49
b4b19838-f3bb-4cb7-8611-73a173328490,kidd.hamburg,available,69.98,73.98,high,low,4,namecheap,,,28/09/2026 01:23
a73dac68-d5ce-4c5e-b077-52f34238faab,skipping.hamburg,available,69.98,73.98,high,low,8,namecheap,,,29/09/2026 08:59
afa59f60-b45b-4946-ae01-6cf00b7557dc,balm.hamburg,available,69.98,73.98,high,low,4,namecheap,,,21/09/2026 23:35
6559e970-b3a3-4a9d-a278-b8afb6c83560,biogenic.hamburg,available,59.99,59.99,high,low,8,name.com,,,10/08/2026 01:27
a7c8bf59-064f-4e37-ab55-bba6729f1187,candidacy.hamburg,available,69.98,73.98,high,low,9,namecheap,,,29/09/2026 06:17
f52b13fc-9d46-4d5f-8063-92aff23ee1dd,napier.hamburg,available,69.98,73.98,medium,low,6,namecheap,,,03/10/2026 01:22
d7e941d9-8dc6-4193-b611-1adb0daf20a4,whitefish.hamburg,available,69.98,73.98,high,low,10,namecheap,,,03/10/2026 04:13
37c7c1f9-b467-4070-8e52-d89e9f037140,intrepidly.hamburg,available,69.98,73.98,medium,low,10,namecheap,,,14/09/2026 10:53
cabd606f-81b6-45b0-b80d-930b3447f1bf,inspiration.hamburg,available,59.99,,high,low,11,name.com,,,
8bcab978-1282-4dba-8dbd-a629d322d53d,cleaned.hamburg,available,69.98,73.98,high,low,7,namecheap,,,27/09/2026 02:45
278ea11d-7ff2-4e5c-b73a-3c0fb1bfc7cb,kara.hamburg,available,69.98,73.98,high,low,4,namecheap,,,27/09/2026 16:38
f445caa6-ad99-441d-bb5d-a5c9649712a7,flames.hamburg,available,69.98,73.98,medium,low,6,namecheap,,,27/09/2026 23:38
1fc78cea-bc78-4ab2-8e78-fd207250e5bf,amuse.hamburg,available,69.98,73.98,high,low,5,namecheap,,,30/09/2026 15:02
8f5d6d57-584f-4cd9-8e56-15b140ac10d5,chas.hamburg,available,69.98,73.98,medium,low,4,namecheap,,,28/09/2026 21:45
606801f7-28cb-4dfc-875a-11820d47265f,disoriented.hamburg,available,69.98,73.98,medium,low,11,namecheap,,,02/10/2026 17:56
73932015-0ef2-42b8-81b0-48613ee8aec8,stewardess.hamburg,available,59.99,59.99,high,low,10,name.com,,,17/09/2026 22:26
41809ea6-5b48-427d-b3c9-d3095b727208,bettering.hamburg,available,59.99,59.99,high,low,9,name.com,,,09/08/2026 18:11
be721f51-5708-49f1-9603-23befb51c070,blither.hamburg,available,69.98,73.98,medium,low,7,namecheap,,,24/09/2026 04:54
e2f1377e-f55b-4a64-adf5-c0f76a23b86c,scary.hamburg,available,59.99,59.99,high,low,5,name.com,,,12/08/2026 05:23
26d4f12a-7a85-4b6f-9a03-e348538ce1a1,christlike.hamburg,available,59.99,59.99,high,low,10,name.com,,,12/08/2026 07:19
a420d4e3-8f34-4316-af65-7e7c293d24f8,considers.hamburg,available,69.98,73.98,medium,low,9,namecheap,,,29/09/2026 10:45
9e448b89-5d83-4d20-ab6e-5118080ea7e1,distributions.hamburg,available,69.98,73.98,medium,low,13,namecheap,,,25/09/2026 21:52
6fb9c82a-8a0d-4752-bfdf-be3241f9cf78,bouquet.hamburg,available,69.98,73.98,high,low,7,namecheap,,,24/09/2026 07:35
2a26a8a3-5719-47c0-ad69-02fbb7343143,sector.hamburg,available,69.98,73.98,high,low,6,namecheap,,,28/09/2026 03:04
22f966f1-9a63-4071-a5d3-830bd8299f4b,lakeside.hamburg,available,69.98,73.98,high,low,8,namecheap,,,01/10/2026 20:15
00a660b5-b569-48ff-9128-e25b5bad95df,hidden.hamburg,available,69.98,73.98,high,low,6,namecheap,,,23/09/2026 18:38
9dd4fa32-1a09-4be4-9088-0f107499737c,allowed.hamburg,available,69.98,73.98,high,low,7,namecheap,,,01/10/2026 19:03
ad3d5d8b-d3c6-43f4-aa50-e9d4d73b4b45,cruising.hamburg,available,69.98,73.98,high,low,8,namecheap,,,29/09/2026 05:15
8b811fd4-a3fb-49ea-a91c-131fb9adb6e8,climbing.hamburg,available,69.98,73.98,high,low,8,namecheap,,,24/09/2026 15:41
a5b0d4c2-b5e8-465f-827a-24317ab6573f,donors.hamburg,available,69.98,73.98,medium,low,6,namecheap,,,30/09/2026 06:50
bfd0d416-2523-425c-9889-919d6942337b,builds.hamburg,available,69.98,73.98,medium,low,6,namecheap,,,28/09/2026 17:56
dd4b1112-1f35-4291-8302-83b3322d63c6,anodyne.hamburg,available,59.99,59.99,medium,low,7,name.com,,,
06dc5e62-827e-4083-a0c4-2ef23933a3df,shu.hamburg,available,69.98,73.98,high,low,3,namecheap,,,27/09/2026 21:11
64799090-c9fb-40ff-8dcb-9f145e4030c6,niebuhr.hamburg,available,69.98,73.98,medium,low,7,namecheap,,,22/09/2026 09:08
dd931d6e-a692-4f4c-9501-2b5aec2145c3,encomium.hamburg,available,69.98,73.98,high,low,8,namecheap,,,05/09/2026 00:40
af2a6294-e422-491e-ba92-e03787129c08,padded.hamburg,available,59.99,59.99,high,low,6,name.com,,,13/08/2026 11:57
05729986-e1f5-4fa2-8306-67829cba5d0f,utilized.hamburg,available,69.98,73.98,medium,low,8,namecheap,,,13/09/2026 00:05
68fb6ce5-df3f-4de7-a800-b5e9b96b23a7,rts.hamburg,available,69.98,73.98,high,low,3,namecheap,,,29/09/2026 14:51
124fcf27-6af5-4e67-888a-54a0b9a3e01b,bermudas.hamburg,available,69.98,73.98,medium,low,8,namecheap,,,23/09/2026 09:44
8b20e641-683b-4d01-8fa3-1f6da0edee79,defined.hamburg,available,59.99,59.99,high,low,7,name.com,,,24/09/2026 05:04
9a1b8d9c-0bcd-4772-a2c0-ab8479f8f7b3,beeper.hamburg,available,69.98,73.98,high,low,6,namecheap,,,23/09/2026 01:31
d1766c3f-6f65-4424-bdaa-2667fe5ccb3f,diesel.hamburg,available,69.98,73.98,high,low,6,namecheap,,,28/09/2026 09:31
ab3c1492-12bc-405e-982f-e1c52ed64dff,lavishly.hamburg,available,69.98,73.98,medium,low,8,namecheap,,,15/09/2026 11:03
8f15df78-eafa-4db8-b35d-16ff458b7bb3,settlement.hamburg,available,69.98,73.98,high,low,10,namecheap,,,28/09/2026 01:43
9e627115-e699-4746-8d04-61d04a6c4535,mango.hamburg,available,69.98,73.98,high,high,5,namecheap,,,29/09/2026 19:37
53ffa513-2de8-4ecf-aea9-cbaec06b8af4,toe.hamburg,available,69.98,73.98,medium,low,3,namecheap,,,30/09/2026 13:18
836475cd-019b-40f9-95ee-681e0ced75c1,pull.hamburg,available,69.98,73.98,high,low,4,namecheap,,,29/09/2026 16:48
368310b8-658d-45a0-ac9c-8529e6cf59f1,loner.hamburg,available,69.98,73.98,high,low,5,namecheap,,,01/10/2026 20:21
d2d33191-ffe7-4bc4-98f8-0f9fea2a53e4,striation.hamburg,available,69.98,73.98,medium,low,9,namecheap,,,22/09/2026 01:19
79911cf3-6ac7-4d03-ab7b-65b21b302eb5,hideyoshi.hamburg,available,69.98,73.98,medium,low,9,namecheap,,,02/10/2026 20:48
d1b23139-b4ed-4278-af1b-821f5c2a1317,north.hamburg,available,59.99,59.99,high,low,5,name.com,,,25/09/2026 23:09
5db4bd5d-2299-4d34-ae3d-7a40e8c347a1,separating.hamburg,available,69.98,73.98,high,low,10,namecheap,,,29/09/2026 08:48
35ac95e4-9c9b-49c3-8fc6-8e7c0d8de275,feeds.hamburg,available,69.98,73.98,medium,low,5,namecheap,,,28/09/2026 17:27
7cae7b07-d061-49e0-9de0-ad71559ecbe5,optimist.hamburg,available,69.98,73.98,high,low,8,namecheap,,,02/10/2026 16:15
7c569789-934f-450a-b004-e735a37a606e,bard.hamburg,available,69.98,73.98,high,medium,4,namecheap,,,22/09/2026 05:09
cf4721bc-bde3-4669-9441-6b4e570465b4,hamlet.hamburg,available,69.98,73.98,high,low,6,namecheap,,,28/09/2026 18:50
57bdeefa-1f16-499d-87b4-fc64a5b1f04e,medford.hamburg,available,69.98,73.98,high,low,7,namecheap,,,28/09/2026 10:21
3890ca63-2cac-4bcc-bfac-cc98bc832124,document.hamburg,available,69.98,73.98,high,low,8,namecheap,,,29/09/2026 16:26
d72d579a-080b-498c-9078-51cb4c9183f6,duty.hamburg,available,69.98,73.98,high,low,4,namecheap,,,29/09/2026 17:13
1a43c366-90e6-4477-a78a-bcd98c0e2d03,nostrils.hamburg,available,59.99,,medium,low,8,name.com,,,
9317969a-4c42-4340-a006-bceaf4955536,moresque.hamburg,available,59.99,59.99,high,low,8,name.com,,,25/08/2026 06:01
9e27c50f-30dc-4fb8-a58c-ed1546139069,wires.hamburg,available,69.98,73.98,medium,low,5,namecheap,,,28/09/2026 04:36
1e254f50-4c1b-4a6f-a7bd-97093f6c80b7,choke.hamburg,available,69.98,73.98,medium,low,5,namecheap,,,24/09/2026 14:43
9d14129e-bbeb-4e02-97e9-312c4bb6e8d1,robe.hamburg,available,69.98,73.98,high,low,4,namecheap,,,28/09/2026 06:41
614896a5-7d47-4a00-91f8-4f8311428b94,chun.hamburg,available,69.98,73.98,high,low,4,namecheap,,,30/09/2026 23:29
30290fe5-b846-4609-8599-8ee17c9e94d8,boned.hamburg,available,59.99,59.99,medium,low,5,name.com,,,10/08/2026 18:34
c08be1ea-58e3-41b7-bafb-3c8eba2bbd8f,piscatory.hamburg,available,69.98,73.98,high,medium,9,namecheap,,,08/09/2026 19:59
fd78af3c-c00e-4615-b35e-ac535e0d228a,deserted.hamburg,available,59.99,59.99,medium,low,8,name.com,,,
178af8c3-6861-4ea1-9047-e016099ba3b6,instructional.hamburg,available,69.98,73.98,high,low,13,namecheap,,,03/10/2026 03:29
f0b3d745-866d-4a08-8edd-1f2e8b8c1e63,timeworn.hamburg,available,59.99,59.99,medium,low,8,name.com,,,08/08/2026 11:14
efad6a57-d8e1-4fd2-b4c5-66259d135a20,bustling.hamburg,available,59.99,59.99,high,low,8,name.com,,,11/08/2026 11:21
f7d10fb5-64a6-46cc-bc8d-191f38f201fa,opponents.hamburg,available,69.98,73.98,low,low,9,namecheap,,,29/09/2026 16:42
94b7b521-bbb1-43db-b24e-a36676b82998,archers.hamburg,available,69.98,73.98,medium,low,7,namecheap,,,01/10/2026 15:28
9178478c-4668-4068-8115-91033e606770,tux.hamburg,available,69.98,73.98,high,low,3,namecheap,,,24/09/2026 01:52
7a9a0247-a7b1-4b1c-9511-4186439fbf27,imminently.hamburg,available,69.98,73.98,medium,low,10,namecheap,,,15/09/2026 02:00
00fcffc1-6a1f-4f85-b9b8-6fbb7bce5f5a,correspondent.hamburg,available,69.98,73.98,medium,low,13,namecheap,,,29/09/2026 03:16
45105c97-ef57-4a07-9498-e638338a57ad,assyrian.hamburg,available,69.98,73.98,high,low,8,namecheap,,,20/09/2026 16:49
6bbdbee8-e55b-4a9b-8ba7-ed731043604c,adnexa.hamburg,available,69.98,73.98,medium,low,6,namecheap,,,17/09/2026 09:05
8306db1c-c830-4d8f-8aa2-5b15ea6bdbca,computable.hamburg,available,69.98,73.98,high,low,10,namecheap,,,02/10/2026 00:11
f075e68e-cd12-4a60-8bbd-d7508d3e19d5,aground.hamburg,available,59.99,59.99,medium,low,7,name.com,,,
ec9eaa86-ce2f-4094-bdde-80a0fa1883c0,knocking.hamburg,available,59.99,59.99,high,low,8,name.com,,,25/09/2026 08:51
137f0028-602e-43e6-b443-d94788d3362a,bahraini.hamburg,available,59.99,59.99,high,low,8,name.com,,,08/08/2026 08:36
05ed66d2-2379-4fa6-bbec-b94e613b617b,gemmed.hamburg,available,59.99,59.99,medium,low,6,name.com,,,18/08/2026 21:08
c7a98b80-638b-4159-9bd0-2a9b768f839d,bergamo.hamburg,available,69.98,73.98,medium,low,7,namecheap,,,01/10/2026 14:18
0b969c9d-db72-4e72-97dc-d3722fc8a224,stuttering.hamburg,available,69.98,73.98,medium,low,10,namecheap,,,02/10/2026 07:31
3ef67f59-da37-4993-bcff-b504777a3ab9,incursive.hamburg,available,59.99,59.99,medium,low,9,name.com,,,22/08/2026 02:09
1ade663e-6a0f-48e2-a84d-5d40bafed023,ovens.hamburg,available,69.98,73.98,medium,low,5,namecheap,,,20/09/2026 10:00
ddb45cc2-3d11-4740-87e8-660469895e10,frontenac.hamburg,available,69.98,73.98,medium,low,9,namecheap,,,02/10/2026 00:51
add7b141-3469-417a-a16c-f025a7dfeda3,pnc.hamburg,available,69.98,73.98,high,high,3,namecheap,,,01/10/2026 23:29
8379f2b5-9921-4995-ae8c-b66e8eeb3136,dorm.hamburg,available,69.98,73.98,high,low,4,namecheap,,,24/09/2026 23:35
a2af8d9d-9866-4365-b5cd-8bd660c407e1,drawings.hamburg,available,69.98,73.98,medium,low,8,namecheap,,,28/09/2026 13:09
02acb813-aaff-4433-b964-93ec1a607171,mistakes.hamburg,available,69.98,73.98,medium,low,8,namecheap,,,16/09/2026 10:20
66d63e24-7f89-447d-b3bc-51e074b1e75f,oriental.hamburg,available,69.98,73.98,high,low,8,namecheap,,,04/09/2026 17:51
a123d7eb-6079-44a2-99a1-1a851e1b4232,conduct.hamburg,available,69.98,73.98,high,low,7,namecheap,,,23/09/2026 03:13
659c41e0-a341-4c19-a28a-c952cbdd40e3,freakish.hamburg,available,59.99,59.99,high,low,8,name.com,,,10/08/2026 09:56
12586138-04c9-402c-bb25-eeaaedd0313b,bedfordshire.hamburg,available,69.98,73.98,high,low,12,namecheap,,,30/09/2026 12:54
79dbb6da-af8d-48cb-af1a-7ae65cc3515a,spartans.hamburg,available,69.98,73.98,medium,low,8,namecheap,,,02/10/2026 02:39
1d099ca0-fcc3-431e-aec8-a747a1cf519b,capua.hamburg,available,69.98,73.98,medium,low,5,namecheap,,,02/10/2026 18:56
2c05ee2e-cc9d-42eb-9eb7-af694056944d,drought.hamburg,available,69.98,73.98,medium,low,7,namecheap,,,29/09/2026 12:05
e6922a79-6524-4754-8dce-ec604d1d1ba8,brisk.hamburg,available,59.99,59.99,high,low,5,name.com,,,11/08/2026 00:32
ccfad0c3-7412-4acd-af38-7cd07a8ce315,nickelodeon.hamburg,available,69.98,73.98,high,low,11,namecheap,,,01/10/2026 22:22
dc8f7be6-0d4c-45c9-bd14-908df775b5c9,opencast.hamburg,available,69.98,73.98,medium,low,8,namecheap,,,04/09/2026 16:08
de4fb1aa-3dca-4da8-b66c-1120206359ed,mainframe.hamburg,available,69.98,73.98,high,low,9,namecheap,,,01/10/2026 01:14
ec4b111d-b2bb-43d5-9997-efb5914d80ec,adequate.hamburg,available,69.98,73.98,high,low,8,namecheap,,,21/09/2026 18:22
58a80adb-eef9-40aa-b999-62b241c1543b,worse.hamburg,available,69.98,73.98,high,low,5,namecheap,,,28/09/2026 10:56
ee0aff36-e6e5-481a-9b6c-5ddadebefeb8,refugee.hamburg,available,69.98,73.98,high,low,7,namecheap,,,28/09/2026 20:17
763c540b-b138-45f1-a288-189800abd8ed,elon.hamburg,available,69.98,73.98,high,medium,4,namecheap,,,01/10/2026 17:50
1e9d4048-fb4d-4047-a29b-8ca389412b0c,bharatiya.hamburg,available,69.98,73.98,high,low,9,namecheap,,,02/10/2026 07:20
f5b3d6f6-ab73-46c0-be4b-cf1d13669b7a,snakebird.hamburg,available,69.98,73.98,medium,low,9,namecheap,,,19/09/2026 08:17
23a2f54b-b35d-4796-901f-0640572c0847,reservation.hamburg,available,69.98,73.98,high,low,11,namecheap,,,16/09/2026 11:10
95230d0d-4890-4944-88ca-36e3c9677bc2,bevin.hamburg,available,69.98,73.98,medium,low,5,namecheap,,,23/09/2026 12:05
4efbe999-0872-41d0-9596-e869c71c7c5b,alzheimers.hamburg,available,69.98,73.98,medium,low,10,namecheap,,,18/09/2026 15:29
224ee75e-9737-4c71-b0b5-95f53cf284e4,fenestral.hamburg,available,59.99,59.99,medium,low,9,name.com,,,18/08/2026 01:09
360ade56-a363-4096-8676-629af0361c2e,unweaned.hamburg,available,69.98,73.98,low,low,8,namecheap,,,12/09/2026 22:29
c5561045-25fc-4718-9c29-179a043b32eb,petitioner.hamburg,available,69.98,73.98,medium,low,10,namecheap,,,11/09/2026 03:30
264ffbb1-ce04-40ac-b6bc-5021565eca53,rubble.hamburg,available,69.98,73.98,medium,low,6,namecheap,,,28/09/2026 18:54
549be4a3-37f9-4710-b67c-cf734314499a,pete.hamburg,available,69.98,73.98,high,low,4,namecheap,,,01/10/2026 19:58
fcdb6f79-b793-4700-81a6-2430152912eb,wausau.hamburg,available,69.98,73.98,high,low,6,namecheap,,,01/10/2026 22:03
14fa03ae-cbfc-4556-b1c8-76364b275084,roundly.hamburg,available,69.98,73.98,medium,low,7,namecheap,,,14/09/2026 00:45
1cd2a0d4-19a7-4b76-a8ab-01adaa89f251,hortense.hamburg,available,69.98,73.98,medium,low,8,namecheap,,,02/10/2026 19:44
bbe944a9-bdb4-463c-bed8-729f90796099,seniors.hamburg,available,69.98,73.98,medium,low,7,namecheap,,,29/09/2026 05:13
b7797c03-d88f-4000-9191-3a3b45a12958,annona.hamburg,available,69.98,73.98,medium,low,6,namecheap,,,19/09/2026 10:30
98875ee1-81f4-4b7f-b674-a31f4209c207,snaky.hamburg,available,69.98,73.98,medium,low,5,namecheap,,,10/09/2026 04:47
35df2cd1-3556-4aa6-8437-b187602b1ef5,lxiii.hamburg,available,59.99,59.99,medium,low,5,name.com,,,
5c825fda-4cc1-47e3-bd42-4cc583bd3c2b,carmel.hamburg,available,69.98,73.98,high,low,6,namecheap,,,01/10/2026 08:48
e2220d1c-12db-4bf1-b32c-fe23347d784e,cylinder.hamburg,available,69.98,73.98,high,low,8,namecheap,,,29/09/2026 00:34
2fdb4e09-3acf-4b48-b951-f4042c00e4b9,beret.hamburg,available,69.98,73.98,high,low,5,namecheap,,,23/09/2026 09:15
c91ade8f-3dfc-40b1-9504-d88b4ff4151b,punter.hamburg,available,69.98,73.98,medium,low,6,namecheap,,,29/09/2026 02:17
e97788f1-1405-461b-be49-c777b31fde73,thugs.hamburg,available,69.98,73.98,medium,low,5,namecheap,,,30/09/2026 15:25
597f2761-f3c5-44d9-8f6a-40d0c08ad018,scowling.hamburg,available,59.99,59.99,medium,low,8,name.com,,,09/08/2026 08:33
c129d6d4-c089-4716-97a1-7b0230a65a66,afforded.hamburg,available,69.98,73.98,medium,low,8,namecheap,,,02/10/2026 12:44
fdadf8e6-71f6-4d15-8b10-9179fd33c069,unparalleled.hamburg,available,69.98,73.98,high,low,12,namecheap,,,02/10/2026 07:22
eaf967c5-095f-4e20-b478-af75deb625f6,hamm.hamburg,available,69.98,73.98,medium,low,4,namecheap,,,29/09/2026 21:55
70d94e6f-9425-40ef-8e68-796c5bac2a70,praying.hamburg,available,69.98,73.98,high,low,7,namecheap,,,27/09/2026 06:47
5ac90620-2132-4ab9-9842-0e4b4e3d62ed,alienated.hamburg,available,59.99,59.99,medium,low,9,name.com,,,
c39fcd01-382f-4e4e-8b50-6aedb2b84893,distracting.hamburg,available,69.98,73.98,low,low,11,namecheap,,,01/10/2026 16:15
2b829e2c-bb82-430f-a707-7ec11d881c69,antic.hamburg,available,59.99,59.99,high,low,5,name.com,,,
4729465c-7dc9-410a-959f-44a0825fc0a8,formalized.hamburg,available,59.99,59.99,medium,low,10,name.com,,,18/08/2026 12:03
2eb2430b-91a5-4a0d-bf5b-d06e97acd265,dishwasher.hamburg,available,69.98,73.98,high,low,10,namecheap,,,29/09/2026 15:53
07dfaf04-9d77-42b3-b7ab-1734ffbbbb9b,unbearable.hamburg,available,69.98,73.98,medium,low,10,namecheap,,,25/09/2026 10:28
917d1f65-b7cc-4725-872a-607c0a857592,statehood.hamburg,available,59.99,,high,low,9,name.com,,,
eb09931d-fc24-4149-a6aa-dc5efc06e9ca,kipling.hamburg,available,69.98,73.98,high,medium,7,namecheap,,,29/09/2026 01:27
a5aa1d28-011b-4581-b631-b8ecda24479a,feldman.hamburg,available,69.98,73.98,medium,low,7,namecheap,,,27/09/2026 20:17
ddcc277d-1fa5-4173-9fe9-ac5a1482577f,urinate.hamburg,available,69.98,73.98,medium,low,7,namecheap,,,13/09/2026 09:41
b7d78419-8bc1-4a5d-864a-666959997ec5,password.hamburg,available,69.98,73.98,medium,low,8,namecheap,,,28/09/2026 04:22
8fa95284-1e68-4cee-9851-88e4216c4866,masters.hamburg,available,69.98,73.98,high,low,7,namecheap,,,29/09/2026 17:44
2751443b-f065-4b73-af9b-a3be0d7f3af0,pci.hamburg,available,69.98,73.98,high,low,3,namecheap,,,28/09/2026 11:26
c0d0d71f-4801-45ff-8636-8b4364edf402,antioch.hamburg,available,69.98,73.98,medium,low,7,namecheap,,,19/09/2026 12:29
7da7bbbc-363c-4fe1-8c49-7c8a6fe88ec7,sheboygan.hamburg,available,69.98,73.98,high,low,9,namecheap,,,30/09/2026 05:39
72766f4e-9634-458b-aac2-345762638e33,leed.hamburg,available,69.98,73.98,high,low,4,namecheap,,,30/09/2026 20:18
eb35d0fc-9fb3-41e1-9f9a-e8f97b6f8868,neva.hamburg,available,69.98,73.98,high,low,4,namecheap,,,30/09/2026 18:10
44b500b5-b4f8-4db3-81f5-18bb38777988,swanky.hamburg,available,69.98,73.98,high,low,6,namecheap,,,11/09/2026 05:15
618268cf-6a96-48a5-a1b7-668f4effccce,uruguayan.hamburg,available,69.98,73.98,high,low,9,namecheap,,,12/09/2026 23:55
927aa47d-9324-4f3e-9053-c3eab8010998,british.hamburg,available,69.98,73.98,high,low,7,namecheap,,,23/09/2026 09:38
b0f000bd-33ce-4bd7-9cc7-d6b88246593f,shambolic.hamburg,available,59.99,59.99,medium,low,9,name.com,,,10/09/2026 05:51
55d7db18-f978-4152-b427-934ceeaf4ea9,flank.hamburg,available,69.98,73.98,medium,low,5,namecheap,,,28/09/2026 19:13
2393b7f9-8349-46f6-8a63-4350f3c6867e,fowler.hamburg,available,69.98,73.98,medium,low,6,namecheap,,,02/10/2026 04:56
0afe93c9-4ce4-4787-a8cb-97b7ab28d0e0,abnormalcy.hamburg,available,69.98,73.98,medium,low,10,namecheap,,,16/09/2026 16:19
10fe2f55-44a4-47b6-8eb6-d9ce32f9e9b6,gaslit.hamburg,available,69.98,73.98,medium,low,6,namecheap,,,17/09/2026 16:25
4d493a35-e069-41d3-b02f-ee344ff8fe41,digestive.hamburg,available,59.99,59.99,high,low,9,name.com,,,24/08/2026 15:24
e3bfb482-286e-4cb4-940a-0332b403e484,honestly.hamburg,available,59.99,59.99,high,low,8,name.com,,,
86a6a37b-4505-4f31-a50f-a13fb20c304b,aniseed.hamburg,available,69.98,73.98,high,low,7,namecheap,,,19/09/2026 09:27
f90ed8a4-c8f8-46cd-8006-3f0f49f1295c,elmer.hamburg,available,69.98,73.98,medium,low,5,namecheap,,,29/09/2026 03:21
451d2935-afa0-4429-a78c-b79b9efa1054,analytics.hamburg,available,69.98,73.98,high,low,9,namecheap,,,03/10/2026 04:08
01c1bc81-53e4-49ed-b48d-b29d29567b30,platelike.hamburg,available,69.98,73.98,high,low,9,namecheap,,,08/09/2026 20:17
1d932c59-3105-4d65-8f17-f3cd4d0cafc0,drains.hamburg,available,69.98,73.98,medium,low,6,namecheap,,,29/09/2026 17:12
110340c0-97e5-4078-91f4-a1e42dade6b6,proxy.hamburg,available,69.98,73.98,high,medium,5,namecheap,,,30/09/2026 02:30
ad7d8809-9d75-4548-a89b-9481272a6540,georgian.hamburg,available,59.99,59.99,high,low,8,name.com,,,18/08/2026 22:37
3e1c78f2-5516-425a-9f45-896a5cad90e4,exiled.hamburg,available,69.98,73.98,medium,low,6,namecheap,,,30/09/2026 15:40
aaee9161-b86d-43af-a899-6e2a7e8aba98,remarkably.hamburg,available,69.98,73.98,medium,low,10,namecheap,,,15/09/2026 23:06
8fc5d320-d5ad-40e1-9645-29b6a9031587,indistinct.hamburg,available,59.99,59.99,medium,low,10,name.com,,,22/08/2026 03:14
994da313-03b1-4cfe-893e-7804de6511f9,urethral.hamburg,available,69.98,73.98,medium,low,8,namecheap,,,12/09/2026 23:35
fe8c28d3-e2d9-4e5d-aa5d-95b7819669a2,list.hamburg,available,69.98,73.98,high,low,4,namecheap,,,25/09/2026 13:18
c9995a74-75b6-45dd-9c89-8cdf17c7c54f,rewards.hamburg,available,69.98,73.98,high,low,7,namecheap,,,02/10/2026 11:05
82f55719-2fc3-4b9e-b73d-5d1fcbba80bb,ombu.hamburg,available,69.98,73.98,medium,low,4,namecheap,,,23/09/2026 05:53
f62c12e7-6400-4168-a2d8-58262fe9a040,ramirez.hamburg,available,69.98,73.98,medium,low,7,namecheap,,,28/09/2026 08:04
915de4be-4e25-4e14-a746-6efa97aea311,matisse.hamburg,available,69.98,73.98,high,low,7,namecheap,,,29/09/2026 22:40
920f818c-ef43-4cda-8bd5-c48ca2fc12f6,slumber.hamburg,available,69.98,73.98,high,low,7,namecheap,,,30/09/2026 10:20
2d8ee431-bacf-426a-88b1-a3a93ff88f10,penetrating.hamburg,available,69.98,73.98,medium,low,11,namecheap,,,29/09/2026 14:35
824a6ad8-e3f0-41c6-9833-717edba17b38,itchy.hamburg,available,59.99,59.99,medium,low,5,name.com,,,05/08/2026 20:43
d543d894-91fa-48ca-a455-08261ed6b8fc,fog.hamburg,available,69.98,73.98,high,low,3,namecheap,,,02/10/2026 23:47
20189577-e019-4fe4-b9a2-c555458ca999,harper.hamburg,available,69.98,73.98,high,low,6,namecheap,,,25/09/2026 06:58
3b201c54-c061-4647-b164-28a309859b6d,conyers.hamburg,available,69.98,73.98,high,low,7,namecheap,,,30/09/2026 14:02
c9efa5ee-32dc-48c9-89c5-3c80fb0bfb54,nuclear.hamburg,available,69.98,73.98,high,low,7,namecheap,,,25/09/2026 23:22
255560b1-fc8c-484a-a377-2871bf61559a,collapsing.hamburg,available,69.98,73.98,low,low,10,namecheap,,,20/09/2026 17:39
30cebfac-757d-49dc-88c2-19554301582b,sanious.hamburg,available,59.99,59.99,medium,low,7,name.com,,,21/08/2026 17:49
df204e6c-7b99-41f3-a65d-3c48c8d025f9,dispute.hamburg,available,69.98,73.98,medium,low,7,namecheap,,,28/09/2026 13:42
495770c1-3c2d-4cce-9a95-a8819f4b470e,pulled.hamburg,available,59.99,,high,low,6,name.com,,,
17e629bc-6eab-487d-a260-e163b2b8d358,tantric.hamburg,available,69.98,73.98,high,low,7,namecheap,,,11/09/2026 08:05
babbb1b5-d1cc-433d-8f32-715f1ef22bd2,moviemaker.hamburg,available,69.98,73.98,high,low,10,namecheap,,,03/10/2026 02:33
01bf4a75-a0dd-4368-b0cf-727a6d3eebff,shy.hamburg,available,59.99,59.99,high,low,3,name.com,,,27/09/2026 21:35
02aff698-89a3-4f5d-98cf-6c8bf4e97503,thicker.hamburg,available,69.98,73.98,medium,low,7,namecheap,,,29/09/2026 16:25
a415b571-31ff-4c08-b615-956f6762141f,fatah.hamburg,available,69.98,73.98,medium,low,5,namecheap,,,18/09/2026 00:27
4e1f0fd9-1e14-4f0e-97e7-edf36785573d,breadfruit.hamburg,available,69.98,73.98,high,low,10,namecheap,,,20/09/2026 11:57
ce056952-8eda-4ba6-b440-a1c04430286c,birchbark.hamburg,available,69.98,73.98,medium,low,9,namecheap,,,23/09/2026 19:23
24fd47aa-8ae2-4274-8558-58fa70bccd0c,llewellyn.hamburg,available,69.98,73.98,medium,low,9,namecheap,,,29/09/2026 09:48
405aaa4c-44b9-44ab-83ee-ae0bf13cc13e,crabby.hamburg,available,59.99,59.99,medium,low,6,name.com,,,08/08/2026 07:42
f2af0af7-7fcf-437a-81d3-90b4f611996e,russian.hamburg,available,69.98,73.98,high,low,7,namecheap,,,27/09/2026 17:35
f93fa7c7-dfa8-4a1e-9d6f-df1ad3869012,collector.hamburg,available,69.98,73.98,high,low,9,namecheap,,,16/09/2026 23:18
8893516c-b021-4699-aa96-c3030d2fa336,miraculous.hamburg,available,59.99,59.99,high,low,10,name.com,,,21/08/2026 02:29
2771bec4-75b9-4d3d-8780-2861fa2077e2,read.hamburg,available,,,high,medium,4,,,,26/09/2026 00:08
13e41742-db9f-4e0f-8085-2dbbd72a84a7,salmon.hamburg,available,69.98,73.98,high,low,6,namecheap,,,27/09/2026 03:51
c2077fc7-024d-43a3-a177-e9d027d6da0a,bighearted.hamburg,available,59.99,59.99,high,low,10,name.com,,,09/08/2026 20:48
2c1b5068-2f08-4a01-a599-f4243e17684f,indoors.hamburg,available,59.99,59.99,high,low,7,name.com,,,22/08/2026 07:03
2cce1715-e618-4d1c-8c16-d5ffe2fe95d1,amplifying.hamburg,available,69.98,73.98,medium,low,10,namecheap,,,17/09/2026 20:45
c3dfb004-8a8d-4989-8129-6b4a4d6bb81f,deborah.hamburg,available,69.98,73.98,medium,low,7,namecheap,,,28/09/2026 12:59
0bc0df32-63dd-4943-be98-7d364e21335d,corbin.hamburg,available,69.98,73.98,medium,low,6,namecheap,,,28/09/2026 07:42
ea622a0d-1797-4655-8a6b-a4c1f33912d8,ambled.hamburg,available,69.98,73.98,medium,low,6,namecheap,,,20/09/2026 05:58
22325561-67b2-487c-9c74-98b9c61b68c7,fear.hamburg,available,69.98,73.98,high,low,4,namecheap,,,24/09/2026 12:06
706fb8f3-05e9-4e1f-8974-baa48fdb9227,uphill.hamburg,available,59.99,59.99,medium,low,6,name.com,,,
751e6bae-c38a-4904-b356-edad3c28ddd6,cuddles.hamburg,available,69.98,73.98,medium,low,7,namecheap,,,21/09/2026 08:38
b61db572-c296-4388-a71d-c4bb2dff9ac9,hoarding.hamburg,available,69.98,73.98,medium,low,8,namecheap,,,23/09/2026 16:09
f7c37718-c4d2-4fba-9155-48a23b35a407,fractures.hamburg,available,69.98,73.98,medium,low,9,namecheap,,,29/09/2026 11:30
6021ebdd-c067-4e47-8a3c-81e24d0c6bf6,bell.hamburg,available,69.98,73.98,high,low,4,namecheap,,,28/09/2026 20:18
f8c33a39-01f7-41c4-9665-03451eac2149,charleston.hamburg,available,69.98,73.98,high,low,10,namecheap,,,29/09/2026 07:20
f4a07a33-2421-4d92-a722-3fb4d2c0f293,nimbly.hamburg,available,69.98,73.98,medium,low,6,namecheap,,,13/09/2026 18:18
6b78dacd-456a-4937-8a7a-dc42e7ab76c1,craven.hamburg,available,59.99,59.99,medium,low,6,name.com,,,13/08/2026 05:27
56e6964d-8347-40ae-be1f-02b21d5ad1ee,tasteless.hamburg,available,69.98,73.98,medium,low,9,namecheap,,,11/09/2026 09:02
b8e347df-f853-45ad-98b7-226d84919b72,modesty.hamburg,available,69.98,73.98,high,low,7,namecheap,,,30/09/2026 04:51
45061b0f-15d3-4e31-ac38-dac8b72d03a7,jimi.hamburg,available,69.98,73.98,medium,low,4,namecheap,,,30/09/2026 05:10
bbb08ed5-92bd-497c-95d3-83428f20001b,anouilh.hamburg,available,69.98,73.98,medium,low,7,namecheap,,,19/09/2026 11:52
e861fe6a-44dd-476a-8aad-a466336388ea,velvetleaf.hamburg,available,69.98,73.98,medium,low,10,namecheap,,,16/09/2026 19:24
5467240f-ed7d-4651-9c33-0a696504380e,unyielding.hamburg,available,59.99,59.99,high,low,10,name.com,,,14/08/2026 15:01
8f42353e-6ca9-4060-b31e-abc67eb29e6e,pant.hamburg,available,69.98,73.98,medium,low,4,namecheap,,,03/10/2026 00:54
e5c67a0f-6180-44bc-bcbb-136c4127982b,starling.hamburg,available,69.98,73.98,high,low,8,namecheap,,,02/10/2026 16:51
36e882c1-9f07-43d2-aba0-ff857d09f79b,grayson.hamburg,available,69.98,73.98,medium,low,7,namecheap,,,28/09/2026 00:47
d8e596d2-7558-43c5-adfd-9917f6c9f8d7,snitcher.hamburg,available,69.98,73.98,medium,low,8,namecheap,,,19/09/2026 14:14
2d39c179-fc2b-448c-aaec-3d552d9ee404,enrich.hamburg,available,69.98,73.98,high,low,6,namecheap,,,30/09/2026 19:11
262e388a-f339-4720-9bf8-2ccabfe5625b,cooley.hamburg,available,69.98,73.98,medium,low,6,namecheap,,,30/09/2026 20:21
f8cc2458-8d8c-44a9-95d7-122e1ee0148a,sprucely.hamburg,available,69.98,73.98,medium,low,8,namecheap,,,15/09/2026 15:17
927d5c3f-5c84-4ed6-aaea-d8b2f19229ed,backing.hamburg,available,69.98,73.98,high,low,7,namecheap,,,21/09/2026 15:39
5129e9c5-71a3-4191-acef-bc3788472852,striker.hamburg,available,69.98,73.98,high,low,7,namecheap,,,29/09/2026 08:09
47648bc7-4026-41ad-9e3b-b6cde95955d2,mischief.hamburg,available,69.98,73.98,high,low,8,namecheap,,,21/09/2026 21:54
14cacf20-869e-4a28-ad8b-a580ff18bbd1,catalyst.hamburg,available,69.98,73.98,high,medium,8,namecheap,,,29/09/2026 18:16
b8fdfc80-7db2-49fd-9c7c-f3512133de6e,gloss.hamburg,available,69.98,73.98,high,low,5,namecheap,,,08/09/2026 22:58
328f0940-1f82-46c2-8d34-e59437e0f406,vermin.hamburg,available,69.98,73.98,medium,low,6,namecheap,,,02/10/2026 17:04
f67294cb-2115-4da4-842d-b3c279dfaec3,acheson.hamburg,available,69.98,73.98,medium,low,7,namecheap,,,17/09/2026 00:31
e9121a4c-0474-4e56-b12e-7f4bca0718bc,stringers.hamburg,available,69.98,73.98,medium,low,9,namecheap,,,02/10/2026 22:38
cceab3ed-c63b-44fa-91c4-221ea2b6c56d,sensors.hamburg,available,69.98,73.98,medium,low,7,namecheap,,,28/09/2026 09:09
80b84188-239f-4c43-aaf7-14ce410a932d,tait.hamburg,available,69.98,73.98,medium,low,4,namecheap,,,03/10/2026 03:43
adcf642a-0411-43bc-9b50-3ae8192ada11,company.hamburg,available,69.98,73.98,high,low,7,namecheap,,,01/10/2026 22:50
2d496c9b-01f1-45f3-b990-fec2111ad394,restricted.hamburg,available,69.98,73.98,high,low,10,namecheap,,,27/09/2026 13:02
0ff36fc2-bf93-4a3c-bfe6-fbc962dd1e87,recurring.hamburg,available,59.99,59.99,high,low,9,name.com,,,09/09/2026 11:58
6cf5fbb9-46e8-4069-893a-bd82afc60977,saccadic.hamburg,available,69.98,73.98,high,medium,8,namecheap,,,09/09/2026 20:35
75e57f2c-d4d4-4426-be6c-ba11465c6b42,fellowships.hamburg,available,69.98,73.98,medium,low,11,namecheap,,,21/09/2026 08:52
64dbe421-e976-4926-86ae-5cb58597c7b6,fogged.hamburg,available,59.99,59.99,medium,low,6,name.com,,,18/08/2026 09:51
81935477-746d-4b7a-80d3-39c96a2a4e3b,warner.hamburg,available,69.98,73.98,high,low,6,namecheap,,,28/09/2026 05:27
4b5c1006-f598-464f-8938-72fd2be58045,arches.hamburg,available,69.98,73.98,medium,low,6,namecheap,,,30/09/2026 05:05
5b70a1c5-03d8-4e91-a542-4e845876106f,alger.hamburg,available,69.98,73.98,medium,low,5,namecheap,,,18/09/2026 06:56
60a99c1c-839e-4284-9a3d-28426e93a13b,hospitals.hamburg,available,69.98,73.98,high,low,9,namecheap,,,20/09/2026 04:37
64a0f33a-fd52-4de4-a49c-04521f04faa0,reformist.hamburg,available,69.98,73.98,high,medium,9,namecheap,,,09/09/2026 12:42
5bbc4291-eadc-493f-ac34-60c80068e9a7,mogadishu.hamburg,available,69.98,73.98,medium,low,9,namecheap,,,24/09/2026 12:23
f1048f4f-1ec8-4587-8fc9-fe0c3d423f48,latino.hamburg,available,59.99,59.99,high,low,6,name.com,,,21/08/2026 09:46
96aa8a21-3870-4fda-941d-72b57d793894,delay.hamburg,available,69.98,73.98,high,low,5,namecheap,,,29/09/2026 13:44
edf8b613-4b4c-43ca-8f36-cebe7b3dc545,asbestosis.hamburg,available,69.98,73.98,medium,low,10,namecheap,,,20/09/2026 12:56
6da58c1c-3569-4fad-b97f-94f1492d7fcf,cloudlike.hamburg,available,59.99,59.99,medium,low,9,name.com,,,12/08/2026 12:38
8f9d0bd0-dd4c-4a36-a9ea-0b7e157ea7bc,mitsubishi.hamburg,available,69.98,73.98,high,high,10,namecheap,,,27/09/2026 07:04
3c9e08a6-8ed9-439c-8a36-53632dde78e6,inglorious.hamburg,available,59.99,59.99,medium,low,10,name.com,,,21/08/2026 18:25
c1534bf6-0675-4473-bf63-7ade9dbd1635,turgot.hamburg,available,69.98,73.98,medium,low,6,namecheap,,,19/09/2026 10:21
c4eb63f5-75b8-4f98-ac55-bd23568ebe48,syndicate.hamburg,available,69.98,73.98,high,low,9,namecheap,,,24/09/2026 17:30
410acf15-8f3c-454b-91f0-073358c9aa1d,appeared.hamburg,available,69.98,73.98,medium,low,8,namecheap,,,27/09/2026 10:53
77a39851-6d9e-4715-a248-b9959128af0b,hooper.hamburg,available,69.98,73.98,medium,low,6,namecheap,,,29/09/2026 02:55
095d0e30-1c70-426b-a374-d68fc7650955,rental.hamburg,available,69.98,73.98,high,low,6,namecheap,,,09/09/2026 14:17
695b31f6-1729-4974-bb01-f05c85cd4996,physicians.hamburg,available,69.98,73.98,high,low,10,namecheap,,,30/09/2026 00:16
84f71a09-6f0b-40f8-8ce4-5a6d622314ec,barnstable.hamburg,available,69.98,73.98,high,low,10,namecheap,,,01/10/2026 11:53
a80a80e5-edce-453c-9f13-c749efb39d19,targeting.hamburg,available,69.98,73.98,high,low,9,namecheap,,,29/09/2026 03:22
272fc7da-d92a-4ad8-a5df-2b2bf8cd4346,enhanced.hamburg,available,59.99,59.99,high,low,8,name.com,,,17/08/2026 08:25
f742b12c-d457-4859-b42d-267e5a04673e,bologna.hamburg,available,69.98,73.98,high,low,7,namecheap,,,30/09/2026 16:29
da5a8f76-ac4b-4f1f-b8a0-183f2a4a6eab,fined.hamburg,available,69.98,73.98,medium,low,5,namecheap,,,30/09/2026 15:19
22d9eb10-7223-47f6-bc1a-23af2450fac7,manhattan.hamburg,available,69.98,73.98,high,low,9,namecheap,,,25/09/2026 23:31
58f94885-9426-414f-97e5-9341a68e147e,colman.hamburg,available,69.98,73.98,medium,low,6,namecheap,,,29/09/2026 04:11
45acefc6-2df9-4124-ae51-6592e527ddf5,behaviour.hamburg,available,69.98,73.98,high,low,9,namecheap,,,23/09/2026 03:08
414d7478-8176-4f5e-b2c8-02aba6d2c90a,isoclinic.hamburg,available,59.99,59.99,medium,low,9,name.com,,,22/08/2026 11:02
3489a117-de6c-4ba3-b994-c70cf0da607c,sourish.hamburg,available,59.99,59.99,medium,low,7,name.com,,,22/08/2026 23:29
8fd552a3-9ece-4080-8bef-c5a2e67a164c,antiquark.hamburg,available,69.98,73.98,medium,low,9,namecheap,,,19/09/2026 15:02
f825711e-c84f-411f-9836-161e4292b7e5,boethius.hamburg,available,69.98,73.98,medium,low,8,namecheap,,,19/09/2026 08:26
4341a386-7a4e-43ff-87bb-22449c88c68b,pay.hamburg,available,69.98,73.98,high,medium,3,namecheap,,,30/09/2026 06:27
dcc08e9d-ec06-40bb-baf7-35258462fc06,daniel.hamburg,available,69.98,73.98,high,medium,6,namecheap,,,29/09/2026 03:26
8efc4788-ee99-4123-b69a-f9fabe488d11,areca.hamburg,available,69.98,73.98,medium,low,5,namecheap,,,20/09/2026 03:25
2aaac2be-99f4-4441-8c54-8adfbb47718f,okeh.hamburg,available,69.98,73.98,high,low,4,namecheap,,,03/09/2026 23:21
7b6ace5e-7b65-4080-b7e0-8fb88f4e6d94,barbaric.hamburg,available,59.99,59.99,medium,low,8,name.com,,,08/08/2026 15:31
8a60f912-8732-4fd6-b169-42af24f9ce54,molotov.hamburg,available,69.98,73.98,high,low,7,namecheap,,,29/09/2026 13:28
c7e83be3-4a5d-4da3-9ef3-c39cd7d63fde,wobbly.hamburg,available,69.98,73.98,high,low,6,namecheap,,,27/09/2026 14:59
48be38a1-cffa-4229-b63c-f6efde871efc,martinsville.hamburg,available,69.98,73.98,high,low,12,namecheap,,,30/09/2026 05:38
c9357f3e-adad-4e4e-a1ad-e351c8630e44,scoop.hamburg,available,69.98,73.98,high,low,5,namecheap,,,19/09/2026 16:31
38437cd4-dc22-4abc-bdbd-4d2b8b6c4c05,stir.hamburg,available,69.98,73.98,high,low,4,namecheap,,,17/09/2026 09:23
4a9857ad-ed51-4f7c-9560-6ecface1c24f,sequester.hamburg,available,59.99,59.99,medium,low,9,name.com,,,12/08/2026 21:06
7d098163-0945-4a61-8fac-6909c83a933e,carnival.hamburg,available,69.98,73.98,high,low,8,namecheap,,,24/09/2026 16:10
1a8f5541-3d95-4161-bd57-4e58416832cf,guatemalan.hamburg,available,59.99,59.99,high,low,10,name.com,,,20/08/2026 20:45
575971a3-e8ad-4296-99b8-a8c98a81234d,muttering.hamburg,available,69.98,73.98,medium,low,9,namecheap,,,03/09/2026 11:14
51948600-3a92-44e1-9798-09dbd35d053a,bushes.hamburg,available,69.98,73.98,medium,low,6,namecheap,,,28/09/2026 23:23
c22acd37-838c-4591-ab90-f121d2902508,frisky.hamburg,available,59.99,59.99,high,low,6,name.com,,,18/08/2026 16:02
39e0c65b-5327-4830-8f21-0963b0d871c4,perjury.hamburg,available,69.98,73.98,medium,low,7,namecheap,,,22/09/2026 21:18
5fbcec7f-08b9-4fd8-a554-c8197d1cbce2,determinant.hamburg,available,69.98,73.98,high,low,11,namecheap,,,30/09/2026 19:21
8da95156-5c35-4fc0-9b19-0185a7f0100b,taken.hamburg,available,69.98,73.98,high,low,5,namecheap,,,25/09/2026 10:20
27f7e197-0e59-4722-86f0-1c489ae5aeb2,altair.hamburg,available,69.98,73.98,medium,low,6,namecheap,,,18/09/2026 14:31
9faac189-a3e3-49a4-a881-77b84506fbb7,site.hamburg,available,69.98,73.98,high,medium,4,namecheap,,,25/09/2026 23:13
3fd9c659-a58a-48c4-bcff-dfc6c19bb1c9,deictic.hamburg,available,59.99,59.99,medium,low,7,name.com,,,14/08/2026 00:12
5467984c-a170-4eea-879e-8c6806534b64,aesthete.hamburg,available,69.98,73.98,high,low,8,namecheap,,,17/09/2026 13:35
bd8399b6-dead-4b3c-b809-749f730665a0,hades.hamburg,available,69.98,73.98,high,low,5,namecheap,,,17/09/2026 20:48
51ba8216-11e6-4a9c-a49e-db5d243618c7,bournemouth.hamburg,available,69.98,73.98,high,low,11,namecheap,,,29/09/2026 21:53
1fa03d49-9486-42de-882f-4dc93b827edc,moulds.hamburg,available,69.98,73.98,medium,low,6,namecheap,,,20/09/2026 13:57
6b500c74-44fc-406e-b957-4f5a99d09e0d,shaving.hamburg,available,69.98,73.98,medium,low,7,namecheap,,,28/09/2026 20:07
95c7456f-71ef-45fd-9833-2bf0c29af254,products.hamburg,available,69.98,73.98,high,low,8,namecheap,,,08/09/2026 11:31
695b7f06-53a2-4dff-a06f-b4114754d7b5,vestal.hamburg,available,69.98,73.98,medium,low,6,namecheap,,,13/09/2026 04:47
ec0758cd-1e83-44f4-b068-1eb9de2a8c39,pallor.hamburg,available,69.98,73.98,medium,low,6,namecheap,,,17/09/2026 01:07
9ad33d1a-97f7-4494-8fe6-745a9e575f91,convent.hamburg,available,69.98,73.98,high,low,7,namecheap,,,29/09/2026 11:58
a4ed0807-ef5c-4161-ae09-d305fd4736f3,romans.hamburg,available,69.98,73.98,high,low,6,namecheap,,,28/09/2026 19:05
111602b3-1ce1-4cea-b162-fb2c58a450c1,southwest.hamburg,available,69.98,73.98,medium,low,9,namecheap,,,28/09/2026 13:09
947aa2de-48c0-41a3-b79e-8c5e9500e0ff,autoimmune.hamburg,available,59.99,59.99,medium,low,10,name.com,,,07/08/2026 20:32
f2ef7758-d60f-435e-a40e-266ad52acf09,benz.hamburg,available,69.98,73.98,high,low,4,namecheap,,,29/09/2026 14:58
e60b5a50-7e96-4dc4-affc-319cbc6cb1b5,robed.hamburg,available,59.99,59.99,medium,low,5,name.com,,,06/08/2026 05:03
72f400e6-f5fb-42b8-90b1-322184fb4f50,haunt.hamburg,available,69.98,73.98,high,low,5,namecheap,,,29/09/2026 07:08
dab0542f-6eb7-40f8-a76f-070ff99df976,arere.hamburg,available,69.98,73.98,medium,low,5,namecheap,,,20/09/2026 03:56
ae5b851d-1914-4720-8214-d049410419a2,our.hamburg,available,69.98,73.98,high,medium,3,namecheap,,,02/10/2026 15:19
92768ca2-273f-437f-abaf-867cc631c43d,cubitus.hamburg,available,59.99,59.99,medium,low,7,name.com,,,20/09/2026 11:25
6d63cf83-9e30-4fe6-bf86-7ee26d362a36,levine.hamburg,available,69.98,73.98,medium,low,6,namecheap,,,25/09/2026 16:14
aa1fa448-b09f-4a7c-8685-6d2f042e45b0,establishment.hamburg,available,69.98,73.98,high,low,13,namecheap,,,02/10/2026 16:24
752e7764-7c0f-4d47-9916-793d387c6605,hallux.hamburg,available,69.98,73.98,medium,low,6,namecheap,,,23/09/2026 14:56
f32fdafb-a9bd-4150-b708-c56372d54652,acad.hamburg,available,69.98,73.98,high,low,4,namecheap,,,29/09/2026 10:57
c9bc5c4a-e0fe-41ac-9a4e-f89bf7e66fda,notifies.hamburg,available,69.98,73.98,medium,low,8,namecheap,,,18/09/2026 08:35
68bc3dea-6401-4013-987a-b3e049e70e9f,dewan.hamburg,available,69.98,73.98,high,low,5,namecheap,,,02/10/2026 18:49
060a6f3e-657e-4b61-913a-80b5b1d4a4c9,hoffa.hamburg,available,69.98,73.98,medium,low,5,namecheap,,,03/10/2026 01:12
79a6f0ee-a569-4f4f-bcfd-b972993943da,gangling.hamburg,available,59.99,59.99,medium,low,8,name.com,,,18/08/2026 20:08
8fb0ed32-a5cb-404d-a4b2-ee55bfb803d0,bawl.hamburg,available,69.98,73.98,medium,low,4,namecheap,,,23/09/2026 06:25
884beaba-9220-49d1-aca1-2d4a8748c6d7,agnostical.hamburg,available,59.99,59.99,medium,low,10,name.com,,,
70049c1d-07b8-4500-b7bc-3e781af1161d,grenades.hamburg,available,69.98,73.98,low,low,8,namecheap,,,30/09/2026 00:32
ee54cfa5-e26b-4862-9bda-fd84db15b415,contributed.hamburg,available,69.98,73.98,medium,low,11,namecheap,,,29/09/2026 17:13
e20910ce-dec2-4d56-bb1a-cabe50074d04,gomad.hamburg,available,69.98,73.98,medium,low,6,namecheap,,,20/09/2026 00:44
23e4f369-5ee0-4f87-87c7-07cca02b42ab,braddock.hamburg,available,69.98,73.98,medium,low,8,namecheap,,,29/09/2026 15:49
4c8612f0-8e09-4e02-8090-bac9aceece9a,horus.hamburg,available,69.98,73.98,high,low,5,namecheap,,,30/09/2026 17:39
753d68c5-5ce8-4e9a-bce5-15ecbbef02d8,kyrgyz.hamburg,available,69.98,73.98,high,low,6,namecheap,,,30/09/2026 12:53
91bef290-8452-49ce-aa7f-b8d29aea58ae,plant.hamburg,available,69.98,73.98,high,low,5,namecheap,,,02/10/2026 07:49
062cc59d-1d63-474f-b357-87a0564939b2,kinshasa.hamburg,available,69.98,73.98,high,low,8,namecheap,,,01/10/2026 02:48
5fbc4d52-0c53-45c1-81a6-f5ffecbb90a1,camo.hamburg,available,69.98,73.98,high,low,4,namecheap,,,29/09/2026 06:06
1db829d9-0964-4c9f-a269-3a1b955ff9c5,obituary.hamburg,available,69.98,73.98,high,low,8,namecheap,,,29/09/2026 13:33
9156d730-484b-40df-bce4-e88b7ef58ec1,stuyvesant.hamburg,available,69.98,73.98,high,low,10,namecheap,,,29/09/2026 19:58
71363238-5ba3-4315-ad5e-897b5aa0ec52,need.hamburg,available,69.98,73.98,high,low,4,namecheap,,,25/09/2026 21:55
fffff91f-809a-44b1-80d1-8c97420a4999,isomers.hamburg,available,69.98,73.98,medium,low,7,namecheap,,,29/09/2026 11:02
d43d4645-cc11-4708-ac3f-044957e24125,bedewed.hamburg,available,59.99,59.99,low,low,7,name.com,,,09/08/2026 06:46
f0f60b93-7922-419d-b766-fc809f10420b,trashy.hamburg,available,59.99,59.99,medium,low,6,name.com,,,18/08/2026 06:44
e139e7d3-e324-4bd5-b2ae-433f46d0536a,trailblazer.hamburg,available,69.98,73.98,high,low,11,namecheap,,,03/10/2026 02:32
dfd120f3-c30c-4dcc-9aa3-0fd40d3b114f,lives.hamburg,available,69.98,73.98,high,low,5,namecheap,,,18/09/2026 05:57
4b865984-df2f-47fb-b9e2-1003abdb0ff5,perfume.hamburg,available,69.98,73.98,high,low,7,namecheap,,,27/09/2026 04:02
2eea2b1d-ea0e-463f-91ec-52b5bfd4578b,cosmo.hamburg,available,69.98,73.98,high,high,5,namecheap,,,02/10/2026 18:14
fba797cf-e4c1-48b8-91f1-b9ed5654f5af,montenegrin.hamburg,available,69.98,73.98,high,low,11,namecheap,,,29/09/2026 21:21
e9fd6946-bb6e-44b9-8f61-f70625b5a65b,pleb.hamburg,available,69.98,73.98,medium,low,4,namecheap,,,08/09/2026 21:04
9e423f8e-8150-4c2a-96c6-b1f21287b444,derisory.hamburg,available,59.99,59.99,medium,low,8,name.com,,,14/08/2026 02:56
751dfe8b-7b62-42f6-a320-d15aa6060e24,convict.hamburg,available,69.98,73.98,high,low,7,namecheap,,,24/09/2026 17:58
bb604967-c29c-435f-8b26-ae8cf39513f9,rattlesnake.hamburg,available,69.98,73.98,high,low,11,namecheap,,,30/09/2026 03:33
f751abb8-fdf1-4d55-afbd-f5a7f47c6078,katherine.hamburg,available,69.98,73.98,high,low,9,namecheap,,,28/09/2026 03:49
f7218598-1738-4287-97a4-5c07fe386f9d,bore.hamburg,available,69.98,73.98,high,low,4,namecheap,,,24/09/2026 12:50
ac80b973-975d-41bc-91d3-b514892f43cb,ranch.hamburg,available,69.98,73.98,high,low,5,namecheap,,,25/09/2026 22:09
54522e18-9bfb-4ac3-ad37-dcdfff96f73e,pause.hamburg,available,69.98,73.98,high,low,5,namecheap,,,28/09/2026 06:34
6d6f2fbc-8557-4af5-8064-e97b15ef9bb6,crawler.hamburg,available,69.98,73.98,high,low,7,namecheap,,,19/09/2026 06:39
d7de2503-c1b0-48d6-89a8-96e6132e4b67,ocala.hamburg,available,69.98,73.98,high,low,5,namecheap,,,02/10/2026 10:50
560303e0-1bde-42e1-8839-53351d8fe06e,olefin.hamburg,available,69.98,73.98,medium,low,6,namecheap,,,18/09/2026 08:30
998984b1-de50-4000-ab8f-6cea81777517,lads.hamburg,available,69.98,73.98,medium,low,4,namecheap,,,29/09/2026 11:04
4d0f961d-2343-4841-85de-f0d7d4f923c1,accepts.hamburg,available,69.98,73.98,medium,low,7,namecheap,,,29/09/2026 11:07
c9a67422-1e8f-4c6a-ae8d-2d2aa29b163c,kursk.hamburg,available,69.98,73.98,medium,low,5,namecheap,,,30/09/2026 02:07
0715ae83-68fb-4ddd-9b17-9d944aa637e7,powdered.hamburg,available,69.98,73.98,medium,low,8,namecheap,,,19/09/2026 15:51
4d976840-e14a-4f35-8566-d5481d99dbd8,amatory.hamburg,available,59.99,59.99,medium,low,7,name.com,,,
8fcf1c84-00bd-4b6e-98af-49642f52bd72,mining.hamburg,available,69.98,73.98,high,low,6,namecheap,,,30/09/2026 04:33
d9af061c-1633-494e-818b-2ff37468c4c0,loverly.hamburg,available,59.99,59.99,medium,low,7,name.com,,,24/08/2026 10:16
8ac682b6-bb00-4f5f-9b63-f36d17a7ea04,supplicant.hamburg,available,69.98,73.98,medium,low,10,namecheap,,,11/09/2026 03:28
0450ef43-ab39-43c7-8d6c-b751a0c3656e,vermicular.hamburg,available,69.98,73.98,medium,low,10,namecheap,,,13/09/2026 02:27
dc22cb70-0a74-440e-a139-2e5f3fbb38e6,wines.hamburg,available,69.98,73.98,high,low,5,namecheap,,,18/09/2026 10:23
ba5a9b3e-4689-4155-b2e1-458dafff9079,transferring.hamburg,available,69.98,73.98,high,low,12,namecheap,,,28/09/2026 16:00
971b2f3c-5ed5-46a2-a764-ccce129a2f9d,drugstore.hamburg,available,69.98,73.98,high,low,9,namecheap,,,19/09/2026 19:43
04732b25-3d1e-41af-810e-e1ee7061d998,marred.hamburg,available,59.99,59.99,medium,low,6,name.com,,,24/08/2026 16:28
3ea309b5-fb54-43be-b7fb-16e266e1c364,wedding.hamburg,available,69.98,73.98,high,low,7,namecheap,,,29/09/2026 23:26
c3e3bdf5-dff0-411c-a4b8-76d16701f9d1,spiffy.hamburg,available,59.99,59.99,high,low,6,name.com,,,13/08/2026 17:36
683a5b8b-fee0-449e-9709-e57ba83a901d,nothing.hamburg,available,69.98,73.98,high,low,7,namecheap,,,25/09/2026 23:27
2747e292-2185-4e5d-895e-e1b570a22941,clare.hamburg,available,69.98,73.98,high,low,5,namecheap,,,29/09/2026 03:17
3005f246-4195-4383-967c-e9743bf04b1b,redemptive.hamburg,available,69.98,73.98,high,medium,10,namecheap,,,09/09/2026 12:19
b4310506-ce54-4ef8-ab2f-e9450cf0a78e,burred.hamburg,available,59.99,59.99,medium,low,6,name.com,,,08/08/2026 17:23
416f5384-185b-492a-b411-91e58abcb736,marist.hamburg,available,69.98,73.98,high,low,6,namecheap,,,03/10/2026 03:43
3b883e2b-3d2e-454b-b83f-f1f6e201c0f8,hectic.hamburg,available,59.99,59.99,high,low,6,name.com,,,18/08/2026 03:09
1a03cdc4-50f0-499a-aa28-f9e9bf26a74b,sidewalks.hamburg,available,69.98,73.98,medium,low,9,namecheap,,,21/09/2026 06:21
77f0ac65-84e7-4275-a930-3d0eb8901652,smalley.hamburg,available,69.98,73.98,medium,low,7,namecheap,,,02/10/2026 16:36
b840e57c-bb0c-4a99-9f11-0bc0b0067984,loamy.hamburg,available,59.99,59.99,medium,low,5,name.com,,,24/08/2026 08:15
a3770127-a26f-4796-bb71-744395e11caf,ascended.hamburg,available,69.98,73.98,medium,low,8,namecheap,,,02/10/2026 12:33
bd0be3cc-bebf-4663-8b24-5c1da2dfdc1e,arrogance.hamburg,available,69.98,73.98,high,low,9,namecheap,,,20/09/2026 09:19
e807af5c-cc1f-4779-916a-75d8b4c21d93,whom.hamburg,available,59.99,,medium,low,4,name.com,,,
c5ba4927-649e-4e6d-9ad9-85f3b042c79a,absorption.hamburg,available,69.98,73.98,high,low,10,namecheap,,,16/09/2026 18:19
826a75b2-5bd7-4b76-903c-89909703cae1,weather.hamburg,available,69.98,73.98,high,medium,7,namecheap,,,23/09/2026 02:29
6974b6dd-c24c-4e61-94c5-373c332174c0,seyhan.hamburg,available,69.98,73.98,medium,low,6,namecheap,,,17/09/2026 06:19
e4bc2fcd-572f-462b-a783-d8aa6c81bf64,sphalerite.hamburg,available,69.98,73.98,medium,low,10,namecheap,,,24/09/2026 05:44
2e03c1b6-6b82-47e3-9b95-ae072e3a5cca,somebody.hamburg,available,69.98,73.98,high,low,8,namecheap,,,25/09/2026 17:05
d3dbb1b4-7033-46e3-bf6b-67b5268bd6bb,assigned.hamburg,available,59.99,59.99,medium,low,8,name.com,,,07/08/2026 06:35
8dcbddfb-7977-40d0-a3e6-4dd7681530e1,fatally.hamburg,available,69.98,73.98,medium,low,7,namecheap,,,14/09/2026 17:51
da700975-4661-4b17-841e-b52f273d645b,spinal.hamburg,available,69.98,73.98,high,medium,6,namecheap,,,10/09/2026 15:38
17be709a-7177-4cf2-a42a-ee6047ce057f,pendleton.hamburg,available,69.98,73.98,high,medium,9,namecheap,,,27/09/2026 08:11
9d793fd0-23d7-43a8-8d71-019907fef177,contempt.hamburg,available,69.98,73.98,medium,low,8,namecheap,,,29/09/2026 11:21
8cd3bd2e-7a19-4051-9bdc-330f88d5b9f2,rile.hamburg,available,69.98,73.98,medium,low,4,namecheap,,,29/09/2026 14:40
d4b2c67d-36b4-410f-bafa-897151772721,twisting.hamburg,available,69.98,73.98,high,low,8,namecheap,,,11/09/2026 21:52
b9a17ea9-0f3c-4b09-a861-5bf82475de90,flows.hamburg,available,69.98,73.98,medium,low,5,namecheap,,,28/09/2026 22:43
6226ad06-3ed2-4714-b74e-efc9c70b94a7,liquefied.hamburg,available,59.99,59.99,medium,low,9,name.com,,,23/08/2026 22:01
cea19809-8fbc-4566-9ddc-f0d621b7f81b,zach.hamburg,available,69.98,73.98,high,medium,4,namecheap,,,28/09/2026 04:11
96493853-06f3-42a8-b448-a0f5573656f9,naacp.hamburg,available,69.98,73.98,medium,low,5,namecheap,,,25/09/2026 13:20
4fcab408-cb05-45d6-a020-afad28a298d7,subconscious.hamburg,available,69.98,73.98,high,low,12,namecheap,,,30/09/2026 03:47
0ab6a47b-70be-4c06-8340-6235041393ad,doubled.hamburg,available,59.99,59.99,high,low,7,name.com,,,14/08/2026 16:55
bfa506fe-a60f-40b5-ae67-b488561f92a5,tuba.hamburg,available,69.98,73.98,high,low,4,namecheap,,,22/09/2026 11:52
7811d419-f6dd-481b-a3ef-2b803392cb0b,lgbtq.hamburg,available,69.98,73.98,high,low,5,namecheap,,,02/10/2026 04:03
1876c38a-8a69-4642-b2f4-fc2109f809b1,foundational.hamburg,available,69.98,73.98,high,low,12,namecheap,,,01/10/2026 22:53
a9794459-9210-4a24-bab4-265e43c93102,abbot.hamburg,available,69.98,73.98,medium,low,5,namecheap,,,16/09/2026 14:31
89c59277-ea24-4d62-9c57-3019ad9abfd8,puberty.hamburg,available,69.98,73.98,high,low,7,namecheap,,,29/09/2026 02:00
8365876b-d0a5-48be-931b-e090ae79d0ca,prescient.hamburg,available,69.98,73.98,high,medium,9,namecheap,,,09/09/2026 01:42
813835f6-0260-4aaa-929a-b9c29994b420,columbian.hamburg,available,59.99,59.99,high,low,9,name.com,,,12/08/2026 18:12
37e1fc52-c73b-4b87-8642-e9d7f7edd99b,snails.hamburg,available,69.98,73.98,medium,low,6,namecheap,,,29/09/2026 06:02
04dd156b-72c5-4444-844e-bc399603da92,energising.hamburg,available,59.99,59.99,medium,low,10,name.com,,,17/08/2026 06:43
44fd7264-3f59-400f-83a7-2b79e9750d23,refining.hamburg,available,69.98,73.98,high,low,8,namecheap,,,02/10/2026 16:33
06f72943-0cf5-4a0b-b7a7-874e74082389,ambivalence.hamburg,available,59.99,,high,low,11,name.com,,,
82e42ddd-466d-4c88-b871-bee125389f01,tobin.hamburg,available,69.98,73.98,high,low,5,namecheap,,,28/09/2026 06:04
a6fc198d-5ee3-4b93-815f-bb6ce1382551,calamus.hamburg,available,69.98,73.98,medium,low,7,namecheap,,,17/09/2026 02:27
b6ee251a-a6fb-4833-9268-55f180499119,invention.hamburg,available,69.98,73.98,high,low,9,namecheap,,,28/09/2026 02:09
1124913b-b460-4bca-88c7-625ef0f6adec,interviewer.hamburg,available,69.98,73.98,high,low,11,namecheap,,,30/09/2026 19:57
cc4987b9-eefa-4559-bc1f-81a229df67ce,conspicuous.hamburg,available,69.98,73.98,medium,low,11,namecheap,,,29/09/2026 03:02
631022cc-5691-482c-8e36-4b450991a35b,effort.hamburg,available,69.98,73.98,high,low,6,namecheap,,,01/10/2026 03:08
863fba1d-d877-419f-8ac6-96bc6f82eba1,scouts.hamburg,available,69.98,73.98,high,low,6,namecheap,,,28/09/2026 04:05
bad69fa0-9b9d-4454-9102-3894490eae9e,poinciana.hamburg,available,69.98,73.98,high,low,9,namecheap,,,23/09/2026 20:09
e1715d1c-786f-4e59-a5e9-447cd66aab90,artiste.hamburg,available,69.98,73.98,high,low,7,namecheap,,,20/09/2026 11:55
90460726-d9d5-4ea7-bc41-0727ffa8bc82,trustful.hamburg,available,69.98,73.98,high,low,8,namecheap,,,11/09/2026 20:45
b1bc8f3e-dfe7-478e-9bac-2d01b7a0d428,dumped.hamburg,available,69.98,73.98,low,low,6,namecheap,,,27/09/2026 03:17
ffa52d63-1631-4d36-98dc-bca11d674004,lusty.hamburg,available,59.99,59.99,high,low,5,name.com,,,12/08/2026 20:20
e45d53d7-ed82-44d0-929e-c53cbc5e3d46,anaemia.hamburg,available,69.98,73.98,medium,low,7,namecheap,,,28/09/2026 21:05
aead26c2-fb9c-4cc1-9422-feb78001529d,perrin.hamburg,available,69.98,73.98,medium,low,6,namecheap,,,29/09/2026 04:24
cc4527dc-a5d6-466f-9492-c75983349848,transported.hamburg,available,69.98,73.98,medium,low,11,namecheap,,,16/09/2026 07:05
9d5aa116-49e0-488c-a4ec-bda9d41840a2,undressed.hamburg,available,69.98,73.98,medium,low,9,namecheap,,,12/09/2026 00:51
8a732e7f-9790-4e8b-b677-86eabf23164b,guitarist.hamburg,available,69.98,73.98,high,low,9,namecheap,,,01/10/2026 02:21
67c22679-0f13-4c02-8731-e50945956815,pinky.hamburg,available,69.98,73.98,high,low,5,namecheap,,,30/09/2026 10:27
265b3702-d300-44c8-bca9-5ffc876fa39d,smog.hamburg,available,69.98,73.98,high,low,4,namecheap,,,02/10/2026 06:26
86391ddc-4fbb-4248-a539-cc223db246d8,obsessed.hamburg,available,59.99,59.99,medium,low,8,name.com,,,21/08/2026 01:32
5a7b7751-2814-4665-8c09-6fd8363a1291,quadrilateral.hamburg,available,69.98,73.98,medium,low,13,namecheap,,,30/09/2026 19:15
fa7e6532-390e-46a6-b34a-c370444c3e88,ema.hamburg,available,69.98,73.98,high,low,3,namecheap,,,01/10/2026 16:52
fd78af98-7035-4115-be7a-57206edb4167,charcot.hamburg,available,69.98,73.98,medium,low,7,namecheap,,,02/10/2026 23:56
507d1adf-d84c-41ef-bf8c-b9be678d9552,margie.hamburg,available,69.98,73.98,medium,low,6,namecheap,,,02/10/2026 09:16
01f684b2-1b7d-4981-abd7-215c1e0eab32,taxes.hamburg,available,69.98,73.98,medium,low,5,namecheap,,,03/10/2026 01:40
b91bb01d-8d30-46d9-98ed-a31f17d19474,shoreline.hamburg,available,69.98,73.98,high,low,9,namecheap,,,30/09/2026 11:01
49b84003-e978-4ec4-853c-78a123783278,dancers.hamburg,available,69.98,73.98,high,low,7,namecheap,,,20/09/2026 05:50
a2b19765-7691-4aaa-a88a-d61004940d87,miscellany.hamburg,available,59.99,59.99,high,low,10,name.com,,,25/08/2026 08:20
6b236179-96c6-4189-b881-89a3dca9c237,bellingham.hamburg,available,69.98,73.98,high,low,10,namecheap,,,23/09/2026 06:12
b32c81e6-4de0-4dc6-951a-68f53e610133,godzilla.hamburg,available,69.98,73.98,high,medium,8,namecheap,,,19/09/2026 06:09
ef215c33-e4a2-42d3-940f-925817e28417,ulcers.hamburg,available,69.98,73.98,low,low,6,namecheap,,,02/10/2026 13:31
70db693d-4a88-4672-a12d-4541ba19b39b,twits.hamburg,available,69.98,73.98,low,low,5,namecheap,,,21/09/2026 06:16
b81cb888-3645-49b2-b64b-0f8febd8e2b7,artistry.hamburg,available,69.98,73.98,high,medium,8,namecheap,,,02/10/2026 10:58
b89398a6-84ba-47ba-94de-065929db9640,tobago.hamburg,available,69.98,73.98,high,low,6,namecheap,,,27/09/2026 05:45
976e4df1-f08c-4d87-8eb2-37c96d4839d8,satiated.hamburg,available,69.98,73.98,high,low,8,namecheap,,,09/09/2026 21:39
c8c026c8-2000-4599-8032-445e568dd159,gibbons.hamburg,available,69.98,73.98,medium,low,7,namecheap,,,29/09/2026 04:20
a54ab801-dd72-4597-bf3f-80d80a766881,banging.hamburg,available,59.99,59.99,high,low,7,name.com,,,08/08/2026 13:03
48c57334-7f39-4ff5-936f-07136856ccfd,murmansk.hamburg,available,69.98,73.98,high,low,8,namecheap,,,02/10/2026 05:50
8d424da8-dc5a-4c7e-b96e-fa5991b63929,monoclonal.hamburg,available,69.98,73.98,medium,low,10,namecheap,,,19/09/2026 05:27
e8fa3eb6-eae5-4f4d-9036-91cd77a24531,ankles.hamburg,available,69.98,73.98,medium,low,6,namecheap,,,30/09/2026 00:20
48602d73-b3b8-4ae9-b114-96c622735888,blustery.hamburg,available,59.99,59.99,medium,low,8,name.com,,,10/08/2026 16:31
dc18709f-9f9c-43c2-ab78-b25269c0ac0d,packable.hamburg,available,69.98,73.98,medium,low,8,namecheap,,,04/09/2026 22:41
8ca2da13-f6c0-4404-9797-c55b9618463b,sunnyvale.hamburg,available,69.98,73.98,high,low,9,namecheap,,,01/10/2026 11:38
fdab40ce-95d0-47b9-beb8-569156a73957,persuasive.hamburg,available,69.98,73.98,high,low,10,namecheap,,,08/09/2026 18:05
daee6ad3-003f-4d12-a871-cd9d15660991,fairy.hamburg,available,69.98,73.98,high,low,5,namecheap,,,27/09/2026 09:04
5d003439-610d-40ed-abea-97f9d37145e4,dealt.hamburg,available,69.98,73.98,medium,low,5,namecheap,,,28/09/2026 08:17
4949b709-9c67-47d7-8a8b-7acc4bd025f3,bonkers.hamburg,available,59.99,59.99,medium,low,7,name.com,,,06/08/2026 20:40
fc7d8564-2fa8-4b18-b1ef-6d025578de3a,plunder.hamburg,available,69.98,73.98,high,low,7,namecheap,,,01/10/2026 18:45
0f5e2380-b317-4b40-95fa-96b9f9d326b0,temerity.hamburg,available,69.98,73.98,medium,low,8,namecheap,,,21/09/2026 02:48
0fbeba05-9e98-4c24-befa-d0c1827238b0,typically.hamburg,available,69.98,73.98,medium,low,9,namecheap,,,28/09/2026 17:10
545602bf-1e0f-4d9b-bfcb-3776f4786962,mervyn.hamburg,available,69.98,73.98,medium,low,6,namecheap,,,30/09/2026 20:52
aaa27010-5001-4b43-b64b-46efcd488269,sigmund.hamburg,available,69.98,73.98,medium,low,7,namecheap,,,28/09/2026 11:40
f9e9fe5f-a0fc-4fec-8ec4-7cc2cb5ca6ab,howes.hamburg,available,69.98,73.98,medium,low,5,namecheap,,,01/10/2026 16:18
a8c893c3-9c37-474a-864c-5d2f5d16e610,happiest.hamburg,available,69.98,73.98,medium,low,8,namecheap,,,18/09/2026 04:16
9feea94b-d660-4b6f-9585-8995d06d66b2,scare.hamburg,available,69.98,73.98,high,low,5,namecheap,,,17/09/2026 14:51
4d142f3a-ad65-4db5-a20a-454791c16536,beanbag.hamburg,available,69.98,73.98,high,low,7,namecheap,,,22/09/2026 20:20
3ef54505-c556-45ff-9850-fcc3c033932e,overgreedy.hamburg,available,69.98,73.98,medium,low,10,namecheap,,,04/09/2026 20:38
c8cc8ccd-bbba-4c4b-a440-3db03d835cda,concretely.hamburg,available,69.98,73.98,medium,low,10,namecheap,,,14/09/2026 08:12
cde5c8b9-eedb-44fd-8802-728fdc19631c,irenic.hamburg,available,59.99,59.99,medium,low,6,name.com,,,22/08/2026 09:48
5103051b-bd70-4821-ba2a-ea8d4e2a72b1,speeches.hamburg,available,69.98,73.98,low,low,8,namecheap,,,28/09/2026 08:40
4eec49df-071e-4658-8bd2-e21632739383,talismanic.hamburg,available,69.98,73.98,medium,low,10,namecheap,,,11/09/2026 07:30
eba3c673-e5cb-43bc-8cdb-041f9fc5bb92,malice.hamburg,available,69.98,73.98,high,low,6,namecheap,,,30/09/2026 17:58
830b8c25-c694-44be-b7e5-4c4eba73acd3,hannibal.hamburg,available,69.98,73.98,high,low,8,namecheap,,,27/09/2026 04:24
61c98099-35bd-479f-b98d-2919ee2466eb,andesite.hamburg,available,59.99,59.99,medium,low,8,name.com,,,19/09/2026 04:04
afba0267-e25b-477d-8786-0a38a969551e,appalachia.hamburg,available,69.98,73.98,medium,low,10,namecheap,,,19/09/2026 19:44
6fab753f-8e85-46cd-a0c8-4306ca66f5b1,creaseless.hamburg,available,59.99,59.99,medium,low,10,name.com,,,13/08/2026 05:47
df93c88d-6b63-4a24-91d8-438b607fcd65,belly.hamburg,available,69.98,73.98,high,low,5,namecheap,,,16/09/2026 14:48
ed7f4d89-79a5-4a4d-abb4-78d7171a9495,climbed.hamburg,available,69.98,73.98,low,low,7,namecheap,,,28/09/2026 08:46
5d1dea0e-c4e7-488b-8823-fcaaad97a1b4,aguish.hamburg,available,59.99,59.99,medium,low,6,name.com,,,
ac48e0dd-c14f-4377-9c8c-ff5ba00af983,extermination.hamburg,available,69.98,73.98,medium,low,13,namecheap,,,29/09/2026 23:26
ebedffb6-a85e-4a9e-ba8d-f4c7a89fefc7,cali.hamburg,available,69.98,73.98,high,low,4,namecheap,,,29/09/2026 05:53
cd944044-047d-4fd2-89a0-69c768e53371,restriction.hamburg,available,69.98,73.98,high,low,11,namecheap,,,03/10/2026 01:00
cfaeed6f-603b-4677-80b5-3e090da57c1d,tiddly.hamburg,available,69.98,73.98,medium,low,6,namecheap,,,11/09/2026 15:36
f4ebdc50-595c-4bf7-8bad-9df94ccff991,classics.hamburg,available,69.98,73.98,high,low,8,namecheap,,,28/09/2026 13:44
dcadf9df-a8a0-451b-a4cb-f1ac5fc11e08,blindfolded.hamburg,available,69.98,73.98,medium,low,11,namecheap,,,02/10/2026 12:46
3be7198b-96eb-499b-b3c5-7917f5f60408,durham.hamburg,available,69.98,73.98,high,low,6,namecheap,,,30/09/2026 01:25
27eef283-4865-4d64-ae0f-84a92824e3de,device.hamburg,available,69.98,73.98,high,low,6,namecheap,,,30/09/2026 21:09
ce4af3e0-4ceb-4dff-8747-b8072874b3f9,unearthly.hamburg,available,59.99,59.99,medium,low,9,name.com,,,16/08/2026 02:28
adacbf91-af8c-439a-afe0-3f60c2084c6e,commandant.hamburg,available,69.98,73.98,high,low,10,namecheap,,,01/10/2026 01:32
9f1e66b9-fc12-42dd-8dc5-5b72a11b7bb2,janis.hamburg,available,69.98,73.98,high,low,5,namecheap,,,29/09/2026 09:40
eca4675c-b588-40b2-baff-d52a39775adc,worthful.hamburg,available,69.98,73.98,medium,low,8,namecheap,,,13/09/2026 13:26
d55bb2e3-3bd1-4333-83fa-ed61d4307ecd,paperwork.hamburg,available,69.98,73.98,high,low,9,namecheap,,,28/09/2026 02:53
a855d046-f47d-4427-9820-beb760727951,earthworks.hamburg,available,69.98,73.98,medium,low,10,namecheap,,,29/09/2026 17:50
00b756c0-7570-4138-8a74-42cc54436a10,stamina.hamburg,available,69.98,73.98,high,low,7,namecheap,,,30/09/2026 18:50
5205ba16-4b4d-484c-b4ce-556c5bf46acc,ethnical.hamburg,available,59.99,59.99,high,low,8,name.com,,,17/08/2026 13:49
d03ab736-896c-46a5-848f-bed38b79958b,speculation.hamburg,available,59.99,,medium,low,11,name.com,,,
f81e4aeb-7d81-4fec-88e4-377e14e6b374,courteous.hamburg,available,69.98,73.98,high,low,9,namecheap,,,24/09/2026 00:40
261a4e9f-b57f-4bd7-8782-262bbc1ed89e,alongside.hamburg,available,69.98,73.98,high,low,9,namecheap,,,13/09/2026 19:12
a931c4b5-54eb-44dc-b963-1d3b17bed607,kew.hamburg,available,69.98,73.98,high,low,3,namecheap,,,28/09/2026 11:39
41a3e130-d678-40fe-833c-b77a4de5fb85,nyc.hamburg,available,69.98,73.98,high,medium,3,namecheap,,,02/10/2026 08:36